{"cam/image_array":"8010_cam-image_array_.jpg","user/throttle":0.30000001192092898,"user/angle":0.022834209725260736,"user/mode":"user","track/lap":0,"track/loc":190}