{"cam/image_array":"3694_cam-image_array_.jpg","user/throttle":0.30000001192092898,"user/angle":-0.22198282182216645,"user/mode":"user","track/lap":0,"track/loc":90}