{"cam/image_array":"837_cam-image_array_.jpg","user/throttle":0.30000001192092898,"user/angle":0.10546644032001496,"user/mode":"user","track/lap":0,"track/loc":22}