{"cam/image_array":"3163_cam-image_array_.jpg","user/throttle":0.30000001192092898,"user/angle":0.03933297470211983,"user/mode":"user","track/lap":0,"track/loc":76}