{"cam/image_array":"2343_cam-image_array_.jpg","user/throttle":0.30000001192092898,"user/angle":-0.035957928746938708,"user/mode":"user","track/lap":0,"track/loc":57}