{"cam/image_array":"4217_cam-image_array_.jpg","user/throttle":0.30000001192092898,"user/angle":-0.21355199813842774,"user/mode":"user","track/lap":0,"track/loc":101}