{"cam/image_array":"8538_cam-image_array_.jpg","user/throttle":0.30000001192092898,"user/angle":0.04572388529777527,"user/mode":"user","track/lap":0,"track/loc":202}