{"cam/image_array":"6446_cam-image_array_.jpg","user/throttle":0.30000001192092898,"user/angle":0.4305914044380188,"user/mode":"user","track/lap":0,"track/loc":149}