{"cam/image_array":"4071_cam-image_array_.jpg","user/throttle":0.30000001192092898,"user/angle":0.25640735030174258,"user/mode":"user","track/lap":0,"track/loc":98}