{"cam/image_array":"8856_cam-image_array_.jpg","user/throttle":0.30000001192092898,"user/angle":0.005721721798181534,"user/mode":"user","track/lap":0,"track/loc":209}