{"cam/image_array":"8_cam-image_array_.jpg","user/throttle":0.30000001192092898,"user/angle":0.0007191085605882108,"user/mode":"user","track/lap":0,"track/loc":0}