{"cam/image_array":"926_cam-image_array_.jpg","user/throttle":0.30000001192092898,"user/angle":0.15445008873939515,"user/mode":"user","track/lap":0,"track/loc":24}