{"cam/image_array":"4542_cam-image_array_.jpg","user/throttle":0.30000001192092898,"user/angle":-0.2406684309244156,"user/mode":"user","track/lap":0,"track/loc":109}