{"cam/image_array":"1207_cam-image_array_.jpg","user/throttle":0.30000001192092898,"user/angle":-0.10330312699079514,"user/mode":"user","track/lap":0,"track/loc":31}