{"cam/image_array":"9062_cam-image_array_.jpg","user/throttle":0.30000001192092898,"user/angle":0.002821616129949689,"user/mode":"user","track/lap":0,"track/loc":214}