{"cam/image_array":"9432_cam-image_array_.jpg","user/throttle":0.30000001192092898,"user/angle":0.0017733104759827257,"user/mode":"user","track/lap":0,"track/loc":222}