{"cam/image_array":"2351_cam-image_array_.jpg","user/throttle":0.30000001192092898,"user/angle":-0.023350097239017488,"user/mode":"user","track/lap":0,"track/loc":57}