{"cam/image_array":"6413_cam-image_array_.jpg","user/throttle":0.30000001192092898,"user/angle":0.28123223781585696,"user/mode":"user","track/lap":0,"track/loc":148}