{"cam/image_array":"2443_cam-image_array_.jpg","user/throttle":0.30000001192092898,"user/angle":-0.11499806493520737,"user/mode":"user","track/lap":0,"track/loc":59}