{"cam/image_array":"6064_cam-image_array_.jpg","user/throttle":0.30000001192092898,"user/angle":-0.04660103842616081,"user/mode":"user","track/lap":0,"track/loc":142}