{"cam/image_array":"843_cam-image_array_.jpg","user/throttle":0.30000001192092898,"user/angle":0.1500285267829895,"user/mode":"user","track/lap":0,"track/loc":22}