{"cam/image_array":"948_cam-image_array_.jpg","user/throttle":0.30000001192092898,"user/angle":0.08999297022819519,"user/mode":"user","track/lap":0,"track/loc":24}