{"cam/image_array":"552_cam-image_array_.jpg","user/throttle":0.30000001192092898,"user/angle":-0.024735648185014726,"user/mode":"user","track/lap":0,"track/loc":13}