{"cam/image_array":"6681_cam-image_array_.jpg","user/throttle":0.30000001192092898,"user/angle":0.3276047110557556,"user/mode":"user","track/lap":0,"track/loc":153}