{"cam/image_array":"9382_cam-image_array_.jpg","user/throttle":0.30000001192092898,"user/angle":-0.006996482610702515,"user/mode":"user","track/lap":0,"track/loc":221}