{"cam/image_array":"7157_cam-image_array_.jpg","user/throttle":0.30000001192092898,"user/angle":-0.02159736305475235,"user/mode":"user","track/lap":0,"track/loc":170}