{"cam/image_array":"9274_cam-image_array_.jpg","user/throttle":0.30000001192092898,"user/angle":0.004747721366584301,"user/mode":"user","track/lap":0,"track/loc":219}