{"cam/image_array":"7639_cam-image_array_.jpg","user/throttle":0.30000001192092898,"user/angle":-0.05331592634320259,"user/mode":"user","track/lap":0,"track/loc":182}