{"cam/image_array":"2039_cam-image_array_.jpg","user/throttle":0.30000001192092898,"user/angle":0.19405576586723329,"user/mode":"user","track/lap":0,"track/loc":50}