{"cam/image_array":"4588_cam-image_array_.jpg","user/throttle":0.30000001192092898,"user/angle":0.010680532082915306,"user/mode":"user","track/lap":0,"track/loc":110}