{"cam/image_array":"7946_cam-image_array_.jpg","user/throttle":0.30000001192092898,"user/angle":0.006023594178259373,"user/mode":"user","track/lap":0,"track/loc":188}