{"cam/image_array":"8829_cam-image_array_.jpg","user/throttle":0.30000001192092898,"user/angle":0.01660815253853798,"user/mode":"user","track/lap":0,"track/loc":209}