{"cam/image_array":"6737_cam-image_array_.jpg","user/throttle":0.30000001192092898,"user/angle":-0.04106521978974342,"user/mode":"user","track/lap":0,"track/loc":155}