{"cam/image_array":"19_cam-image_array_.jpg","user/throttle":0.30000001192092898,"user/angle":0.002891993150115013,"user/mode":"user","track/lap":0,"track/loc":0}