{"cam/image_array":"4805_cam-image_array_.jpg","user/throttle":0.30000001192092898,"user/angle":0.09992006421089173,"user/mode":"user","track/lap":0,"track/loc":115}