{"cam/image_array":"4754_cam-image_array_.jpg","user/throttle":0.30000001192092898,"user/angle":0.12456757575273514,"user/mode":"user","track/lap":0,"track/loc":114}