{"cam/image_array":"4488_cam-image_array_.jpg","user/throttle":0.30000001192092898,"user/angle":-0.1843867152929306,"user/mode":"user","track/lap":0,"track/loc":108}