{"cam/image_array":"3665_cam-image_array_.jpg","user/throttle":0.30000001192092898,"user/angle":-0.08656059205532074,"user/mode":"user","track/lap":0,"track/loc":89}