{"cam/image_array":"4304_cam-image_array_.jpg","user/throttle":0.30000001192092898,"user/angle":-0.14870737493038178,"user/mode":"user","track/lap":0,"track/loc":103}