{"cam/image_array":"2615_cam-image_array_.jpg","user/throttle":0.30000001192092898,"user/angle":-0.03216911479830742,"user/mode":"user","track/lap":0,"track/loc":63}