{"cam/image_array":"761_cam-image_array_.jpg","user/throttle":0.30000001192092898,"user/angle":0.04590017721056938,"user/mode":"user","track/lap":0,"track/loc":19}