{"cam/image_array":"2254_cam-image_array_.jpg","user/throttle":0.30000001192092898,"user/angle":0.04305960610508919,"user/mode":"user","track/lap":0,"track/loc":55}