{"cam/image_array":"8776_cam-image_array_.jpg","user/throttle":0.30000001192092898,"user/angle":-0.013994555920362473,"user/mode":"user","track/lap":0,"track/loc":208}