{"cam/image_array":"3740_cam-image_array_.jpg","user/throttle":0.30000001192092898,"user/angle":-0.17101846635341645,"user/mode":"user","track/lap":0,"track/loc":91}