{"cam/image_array":"6055_cam-image_array_.jpg","user/throttle":0.30000001192092898,"user/angle":-0.03939852491021156,"user/mode":"user","track/lap":0,"track/loc":142}