{"cam/image_array":"7992_cam-image_array_.jpg","user/throttle":0.30000001192092898,"user/angle":-0.047518979758024219,"user/mode":"user","track/lap":0,"track/loc":189}