{"cam/image_array":"1485_cam-image_array_.jpg","user/throttle":0.30000001192092898,"user/angle":-0.07221169024705887,"user/mode":"user","track/lap":0,"track/loc":37}