{"cam/image_array":"3554_cam-image_array_.jpg","user/throttle":0.30000001192092898,"user/angle":-0.08382732421159744,"user/mode":"user","track/lap":0,"track/loc":86}