{"cam/image_array":"4489_cam-image_array_.jpg","user/throttle":0.30000001192092898,"user/angle":-0.1834874004125595,"user/mode":"user","track/lap":0,"track/loc":108}