{"cam/image_array":"5134_cam-image_array_.jpg","user/throttle":0.30000001192092898,"user/angle":0.1610836535692215,"user/mode":"user","track/lap":0,"track/loc":123}