{"cam/image_array":"2551_cam-image_array_.jpg","user/throttle":0.30000001192092898,"user/angle":-0.18969114124774934,"user/mode":"user","track/lap":0,"track/loc":61}