{"cam/image_array":"2837_cam-image_array_.jpg","user/throttle":0.30000001192092898,"user/angle":-0.18925923109054566,"user/mode":"user","track/lap":0,"track/loc":68}