{"cam/image_array":"4799_cam-image_array_.jpg","user/throttle":0.30000001192092898,"user/angle":0.12043752521276474,"user/mode":"user","track/lap":0,"track/loc":115}