{"cam/image_array":"8052_cam-image_array_.jpg","user/throttle":0.30000001192092898,"user/angle":-0.008824027143418789,"user/mode":"user","track/lap":0,"track/loc":191}