{"cam/image_array":"8603_cam-image_array_.jpg","user/throttle":0.30000001192092898,"user/angle":-0.02013036422431469,"user/mode":"user","track/lap":0,"track/loc":204}