{"cam/image_array":"3345_cam-image_array_.jpg","user/throttle":0.30000001192092898,"user/angle":-0.003761308267712593,"user/mode":"user","track/lap":0,"track/loc":81}