{"cam/image_array":"6795_cam-image_array_.jpg","user/throttle":0.30000001192092898,"user/angle":0.01268557645380497,"user/mode":"user","track/lap":0,"track/loc":157}