{"cam/image_array":"7929_cam-image_array_.jpg","user/throttle":0.30000001192092898,"user/angle":0.0312548503279686,"user/mode":"user","track/lap":0,"track/loc":188}