{"cam/image_array":"6153_cam-image_array_.jpg","user/throttle":0.30000001192092898,"user/angle":-0.1065765768289566,"user/mode":"user","track/lap":0,"track/loc":144}