{"cam/image_array":"8129_cam-image_array_.jpg","user/throttle":0.30000001192092898,"user/angle":-0.09693785011768341,"user/mode":"user","track/lap":0,"track/loc":193}