{"cam/image_array":"6459_cam-image_array_.jpg","user/throttle":0.30000001192092898,"user/angle":0.30412739515304568,"user/mode":"user","track/lap":0,"track/loc":149}