{"cam/image_array":"7225_cam-image_array_.jpg","user/throttle":0.30000001192092898,"user/angle":-0.11999405920505524,"user/mode":"user","track/lap":0,"track/loc":172}