{"cam/image_array":"1433_cam-image_array_.jpg","user/throttle":0.30000001192092898,"user/angle":-0.17332787811756135,"user/mode":"user","track/lap":0,"track/loc":36}