{"cam/image_array":"6177_cam-image_array_.jpg","user/throttle":0.30000001192092898,"user/angle":-0.13146579265594483,"user/mode":"user","track/lap":0,"track/loc":144}