{"cam/image_array":"8618_cam-image_array_.jpg","user/throttle":0.30000001192092898,"user/angle":0.002340025268495083,"user/mode":"user","track/lap":0,"track/loc":204}