{"cam/image_array":"3561_cam-image_array_.jpg","user/throttle":0.30000001192092898,"user/angle":-0.08278745412826538,"user/mode":"user","track/lap":0,"track/loc":86}