{"cam/image_array":"9372_cam-image_array_.jpg","user/throttle":0.30000001192092898,"user/angle":-0.009503904730081559,"user/mode":"user","track/lap":0,"track/loc":221}