{"cam/image_array":"6439_cam-image_array_.jpg","user/throttle":0.30000001192092898,"user/angle":0.43566250801086428,"user/mode":"user","track/lap":0,"track/loc":148}