{"cam/image_array":"6865_cam-image_array_.jpg","user/throttle":0.30000001192092898,"user/angle":-0.06601317226886749,"user/mode":"user","track/lap":0,"track/loc":160}