{"cam/image_array":"8662_cam-image_array_.jpg","user/throttle":0.30000001192092898,"user/angle":-0.0023938624653965236,"user/mode":"user","track/lap":0,"track/loc":205}