{"cam/image_array":"9072_cam-image_array_.jpg","user/throttle":0.30000001192092898,"user/angle":-0.002402636921033263,"user/mode":"user","track/lap":0,"track/loc":214}