{"cam/image_array":"5165_cam-image_array_.jpg","user/throttle":0.30000001192092898,"user/angle":0.06605026870965958,"user/mode":"user","track/lap":0,"track/loc":123}