{"cam/image_array":"7770_cam-image_array_.jpg","user/throttle":0.30000001192092898,"user/angle":-0.14126330614089967,"user/mode":"user","track/lap":0,"track/loc":185}