{"cam/image_array":"3026_cam-image_array_.jpg","user/throttle":0.30000001192092898,"user/angle":0.1401168256998062,"user/mode":"user","track/lap":0,"track/loc":73}