{"cam/image_array":"2220_cam-image_array_.jpg","user/throttle":0.30000001192092898,"user/angle":0.1589091271162033,"user/mode":"user","track/lap":0,"track/loc":54}