{"cam/image_array":"8650_cam-image_array_.jpg","user/throttle":0.30000001192092898,"user/angle":0.02093985304236412,"user/mode":"user","track/lap":0,"track/loc":205}