{"cam/image_array":"1883_cam-image_array_.jpg","user/throttle":0.30000001192092898,"user/angle":0.010564466938376427,"user/mode":"user","track/lap":0,"track/loc":46}