{"cam/image_array":"5385_cam-image_array_.jpg","user/throttle":0.30000001192092898,"user/angle":-0.1878241002559662,"user/mode":"user","track/lap":0,"track/loc":129}