{"cam/image_array":"7453_cam-image_array_.jpg","user/throttle":0.30000001192092898,"user/angle":-0.033425960689783099,"user/mode":"user","track/lap":0,"track/loc":177}