{"cam/image_array":"553_cam-image_array_.jpg","user/throttle":0.30000001192092898,"user/angle":-0.01650083251297474,"user/mode":"user","track/lap":0,"track/loc":13}