{"cam/image_array":"192_cam-image_array_.jpg","user/throttle":0.30000001192092898,"user/angle":0.010973621159791947,"user/mode":"user","track/lap":0,"track/loc":5}