{"cam/image_array":"4216_cam-image_array_.jpg","user/throttle":0.30000001192092898,"user/angle":-0.20502832531929017,"user/mode":"user","track/lap":0,"track/loc":101}