{"cam/image_array":"7705_cam-image_array_.jpg","user/throttle":0.30000001192092898,"user/angle":0.08326670527458191,"user/mode":"user","track/lap":0,"track/loc":183}