{"cam/image_array":"4112_cam-image_array_.jpg","user/throttle":0.30000001192092898,"user/angle":0.2779771685600281,"user/mode":"user","track/lap":0,"track/loc":99}