{"cam/image_array":"6955_cam-image_array_.jpg","user/throttle":0.30000001192092898,"user/angle":-0.13396568596363069,"user/mode":"user","track/lap":0,"track/loc":163}