{"cam/image_array":"529_cam-image_array_.jpg","user/throttle":0.30000001192092898,"user/angle":0.024531379342079164,"user/mode":"user","track/lap":0,"track/loc":13}