{"cam/image_array":"5535_cam-image_array_.jpg","user/throttle":0.30000001192092898,"user/angle":-0.15756100416183473,"user/mode":"user","track/lap":0,"track/loc":132}