{"cam/image_array":"2150_cam-image_array_.jpg","user/throttle":0.30000001192092898,"user/angle":0.1320352405309677,"user/mode":"user","track/lap":0,"track/loc":53}