{"cam/image_array":"7901_cam-image_array_.jpg","user/throttle":0.30000001192092898,"user/angle":-0.08108203858137131,"user/mode":"user","track/lap":0,"track/loc":188}