{"cam/image_array":"2552_cam-image_array_.jpg","user/throttle":0.30000001192092898,"user/angle":-0.18536685407161714,"user/mode":"user","track/lap":0,"track/loc":61}