{"cam/image_array":"5867_cam-image_array_.jpg","user/throttle":0.30000001192092898,"user/angle":-0.03480096161365509,"user/mode":"user","track/lap":0,"track/loc":139}