{"cam/image_array":"5435_cam-image_array_.jpg","user/throttle":0.30000001192092898,"user/angle":-0.1227104663848877,"user/mode":"user","track/lap":0,"track/loc":130}