{"cam/image_array":"6832_cam-image_array_.jpg","user/throttle":0.30000001192092898,"user/angle":-0.01692475751042366,"user/mode":"user","track/lap":0,"track/loc":158}