{"cam/image_array":"7289_cam-image_array_.jpg","user/throttle":0.30000001192092898,"user/angle":-0.0726463794708252,"user/mode":"user","track/lap":0,"track/loc":173}