{"cam/image_array":"6431_cam-image_array_.jpg","user/throttle":0.30000001192092898,"user/angle":0.4847411811351776,"user/mode":"user","track/lap":0,"track/loc":148}