{"cam/image_array":"6527_cam-image_array_.jpg","user/throttle":0.30000001192092898,"user/angle":0.0989886075258255,"user/mode":"user","track/lap":0,"track/loc":150}