{"cam/image_array":"1478_cam-image_array_.jpg","user/throttle":0.30000001192092898,"user/angle":-0.09058830887079239,"user/mode":"user","track/lap":0,"track/loc":37}