{"cam/image_array":"2537_cam-image_array_.jpg","user/throttle":0.30000001192092898,"user/angle":-0.17079362273216248,"user/mode":"user","track/lap":0,"track/loc":61}