{"cam/image_array":"2316_cam-image_array_.jpg","user/throttle":0.30000001192092898,"user/angle":-0.09903281182050705,"user/mode":"user","track/lap":0,"track/loc":56}