{"cam/image_array":"82_cam-image_array_.jpg","user/throttle":0.30000001192092898,"user/angle":-0.003358385292813182,"user/mode":"user","track/lap":0,"track/loc":2}