{"cam/image_array":"1657_cam-image_array_.jpg","user/throttle":0.30000001192092898,"user/angle":-0.15651650726795197,"user/mode":"user","track/lap":0,"track/loc":41}