{"cam/image_array":"5899_cam-image_array_.jpg","user/throttle":0.30000001192092898,"user/angle":0.014004350639879704,"user/mode":"user","track/lap":0,"track/loc":140}