{"cam/image_array":"2973_cam-image_array_.jpg","user/throttle":0.30000001192092898,"user/angle":0.04209394380450249,"user/mode":"user","track/lap":0,"track/loc":71}