{"cam/image_array":"6700_cam-image_array_.jpg","user/throttle":0.30000001192092898,"user/angle":0.29024985432624819,"user/mode":"user","track/lap":0,"track/loc":153}