{"cam/image_array":"2937_cam-image_array_.jpg","user/throttle":0.30000001192092898,"user/angle":-0.30039769411087038,"user/mode":"user","track/lap":0,"track/loc":71}