{"cam/image_array":"3408_cam-image_array_.jpg","user/throttle":0.30000001192092898,"user/angle":-0.058384526520967486,"user/mode":"user","track/lap":0,"track/loc":83}