{"cam/image_array":"9027_cam-image_array_.jpg","user/throttle":0.30000001192092898,"user/angle":-0.006463018711656332,"user/mode":"user","track/lap":0,"track/loc":213}