{"cam/image_array":"5597_cam-image_array_.jpg","user/throttle":0.30000001192092898,"user/angle":0.16607801616191865,"user/mode":"user","track/lap":0,"track/loc":134}