{"cam/image_array":"3730_cam-image_array_.jpg","user/throttle":0.30000001192092898,"user/angle":-0.17696230113506318,"user/mode":"user","track/lap":0,"track/loc":90}