{"cam/image_array":"530_cam-image_array_.jpg","user/throttle":0.30000001192092898,"user/angle":0.02245274931192398,"user/mode":"user","track/lap":0,"track/loc":13}