{"cam/image_array":"5234_cam-image_array_.jpg","user/throttle":0.30000001192092898,"user/angle":-0.07945391535758972,"user/mode":"user","track/lap":0,"track/loc":125}