{"cam/image_array":"9080_cam-image_array_.jpg","user/throttle":0.30000001192092898,"user/angle":-0.0006792333442717791,"user/mode":"user","track/lap":0,"track/loc":214}