{"cam/image_array":"9124_cam-image_array_.jpg","user/throttle":0.30000001192092898,"user/angle":0.0024086867924779655,"user/mode":"user","track/lap":0,"track/loc":215}