{"cam/image_array":"3676_cam-image_array_.jpg","user/throttle":0.30000001192092898,"user/angle":-0.12228293716907501,"user/mode":"user","track/lap":0,"track/loc":89}