{"cam/image_array":"5064_cam-image_array_.jpg","user/throttle":0.30000001192092898,"user/angle":0.1238550916314125,"user/mode":"user","track/lap":0,"track/loc":121}