{"cam/image_array":"8796_cam-image_array_.jpg","user/throttle":0.30000001192092898,"user/angle":-0.006060902960598469,"user/mode":"user","track/lap":0,"track/loc":208}