{"cam/image_array":"8692_cam-image_array_.jpg","user/throttle":0.30000001192092898,"user/angle":-0.009290182963013649,"user/mode":"user","track/lap":0,"track/loc":206}