{"cam/image_array":"3036_cam-image_array_.jpg","user/throttle":0.30000001192092898,"user/angle":0.023174751549959184,"user/mode":"user","track/lap":0,"track/loc":73}