{"cam/image_array":"187_cam-image_array_.jpg","user/throttle":0.30000001192092898,"user/angle":0.009671755135059357,"user/mode":"user","track/lap":0,"track/loc":5}