{"cam/image_array":"8697_cam-image_array_.jpg","user/throttle":0.30000001192092898,"user/angle":-0.013181562535464764,"user/mode":"user","track/lap":0,"track/loc":206}