{"cam/image_array":"2213_cam-image_array_.jpg","user/throttle":0.30000001192092898,"user/angle":0.16236793994903565,"user/mode":"user","track/lap":0,"track/loc":54}