{"cam/image_array":"8645_cam-image_array_.jpg","user/throttle":0.30000001192092898,"user/angle":0.026554936543107034,"user/mode":"user","track/lap":0,"track/loc":205}