{"cam/image_array":"1080_cam-image_array_.jpg","user/throttle":0.30000001192092898,"user/angle":0.07028397917747498,"user/mode":"user","track/lap":0,"track/loc":28}