{"cam/image_array":"5492_cam-image_array_.jpg","user/throttle":0.30000001192092898,"user/angle":-0.21920019388198853,"user/mode":"user","track/lap":0,"track/loc":131}