{"cam/image_array":"7882_cam-image_array_.jpg","user/throttle":0.30000001192092898,"user/angle":-0.16351108253002168,"user/mode":"user","track/lap":0,"track/loc":187}