{"cam/image_array":"4668_cam-image_array_.jpg","user/throttle":0.30000001192092898,"user/angle":-0.017742568626999856,"user/mode":"user","track/lap":0,"track/loc":112}