{"cam/image_array":"4552_cam-image_array_.jpg","user/throttle":0.30000001192092898,"user/angle":-0.2945866286754608,"user/mode":"user","track/lap":0,"track/loc":109}