{"cam/image_array":"8400_cam-image_array_.jpg","user/throttle":0.30000001192092898,"user/angle":-0.061557281762361529,"user/mode":"user","track/lap":0,"track/loc":199}