{"cam/image_array":"4643_cam-image_array_.jpg","user/throttle":0.30000001192092898,"user/angle":0.12428303062915802,"user/mode":"user","track/lap":0,"track/loc":111}