{"cam/image_array":"9431_cam-image_array_.jpg","user/throttle":0.30000001192092898,"user/angle":0.0021708200220018627,"user/mode":"user","track/lap":0,"track/loc":222}