{"cam/image_array":"3467_cam-image_array_.jpg","user/throttle":0.30000001192092898,"user/angle":-0.044869255274534228,"user/mode":"user","track/lap":0,"track/loc":84}