{"cam/image_array":"6389_cam-image_array_.jpg","user/throttle":0.30000001192092898,"user/angle":-0.06885486841201782,"user/mode":"user","track/lap":0,"track/loc":148}