{"cam/image_array":"7213_cam-image_array_.jpg","user/throttle":0.30000001192092898,"user/angle":-0.11254971474409104,"user/mode":"user","track/lap":0,"track/loc":171}