{"cam/image_array":"2862_cam-image_array_.jpg","user/throttle":0.30000001192092898,"user/angle":-0.18986284732818604,"user/mode":"user","track/lap":0,"track/loc":69}