{"cam/image_array":"4224_cam-image_array_.jpg","user/throttle":0.30000001192092898,"user/angle":-0.3368512988090515,"user/mode":"user","track/lap":0,"track/loc":101}