{"cam/image_array":"6144_cam-image_array_.jpg","user/throttle":0.30000001192092898,"user/angle":-0.07936166226863861,"user/mode":"user","track/lap":0,"track/loc":144}