{"cam/image_array":"1349_cam-image_array_.jpg","user/throttle":0.30000001192092898,"user/angle":-0.05842965096235275,"user/mode":"user","track/lap":0,"track/loc":34}