{"cam/image_array":"8612_cam-image_array_.jpg","user/throttle":0.30000001192092898,"user/angle":-0.004139150958508253,"user/mode":"user","track/lap":0,"track/loc":204}