{"cam/image_array":"762_cam-image_array_.jpg","user/throttle":0.30000001192092898,"user/angle":0.03419969603419304,"user/mode":"user","track/lap":0,"track/loc":19}