{"cam/image_array":"4497_cam-image_array_.jpg","user/throttle":0.30000001192092898,"user/angle":-0.18229246139526368,"user/mode":"user","track/lap":0,"track/loc":108}