{"cam/image_array":"1267_cam-image_array_.jpg","user/throttle":0.30000001192092898,"user/angle":-0.08863980323076248,"user/mode":"user","track/lap":0,"track/loc":32}