{"cam/image_array":"5880_cam-image_array_.jpg","user/throttle":0.30000001192092898,"user/angle":-0.009149709716439247,"user/mode":"user","track/lap":0,"track/loc":139}