{"cam/image_array":"7018_cam-image_array_.jpg","user/throttle":0.30000001192092898,"user/angle":-0.09905663132667542,"user/mode":"user","track/lap":0,"track/loc":166}