{"cam/image_array":"5727_cam-image_array_.jpg","user/throttle":0.30000001192092898,"user/angle":-0.012938328087329865,"user/mode":"user","track/lap":0,"track/loc":137}