{"cam/image_array":"2887_cam-image_array_.jpg","user/throttle":0.30000001192092898,"user/angle":-0.16392511129379273,"user/mode":"user","track/lap":0,"track/loc":69}