{"cam/image_array":"8389_cam-image_array_.jpg","user/throttle":0.30000001192092898,"user/angle":-0.069959357380867,"user/mode":"user","track/lap":0,"track/loc":199}