{"cam/image_array":"4637_cam-image_array_.jpg","user/throttle":0.30000001192092898,"user/angle":0.17989255487918855,"user/mode":"user","track/lap":0,"track/loc":111}