{"cam/image_array":"7723_cam-image_array_.jpg","user/throttle":0.30000001192092898,"user/angle":0.0592210590839386,"user/mode":"user","track/lap":0,"track/loc":184}