{"cam/image_array":"9255_cam-image_array_.jpg","user/throttle":0.30000001192092898,"user/angle":-0.000492826453410089,"user/mode":"user","track/lap":0,"track/loc":218}