{"cam/image_array":"2520_cam-image_array_.jpg","user/throttle":0.30000001192092898,"user/angle":-0.08201942592859268,"user/mode":"user","track/lap":0,"track/loc":61}