{"cam/image_array":"596_cam-image_array_.jpg","user/throttle":0.30000001192092898,"user/angle":0.006510562263429165,"user/mode":"user","track/lap":0,"track/loc":15}