{"cam/image_array":"3800_cam-image_array_.jpg","user/throttle":0.30000001192092898,"user/angle":-0.2659977674484253,"user/mode":"user","track/lap":0,"track/loc":92}