{"cam/image_array":"1057_cam-image_array_.jpg","user/throttle":0.30000001192092898,"user/angle":0.1241571232676506,"user/mode":"user","track/lap":0,"track/loc":27}