{"cam/image_array":"57_cam-image_array_.jpg","user/throttle":0.30000001192092898,"user/angle":-0.032577771693468097,"user/mode":"user","track/lap":0,"track/loc":1}