{"cam/image_array":"268_cam-image_array_.jpg","user/throttle":0.30000001192092898,"user/angle":-0.012516727671027184,"user/mode":"user","track/lap":0,"track/loc":8}