{"cam/image_array":"2871_cam-image_array_.jpg","user/throttle":0.30000001192092898,"user/angle":-0.17532138526439668,"user/mode":"user","track/lap":0,"track/loc":69}