{"cam/image_array":"850_cam-image_array_.jpg","user/throttle":0.30000001192092898,"user/angle":0.13616199791431428,"user/mode":"user","track/lap":0,"track/loc":22}