{"cam/image_array":"8000_cam-image_array_.jpg","user/throttle":0.30000001192092898,"user/angle":0.004967073909938335,"user/mode":"user","track/lap":0,"track/loc":190}