{"cam/image_array":"8508_cam-image_array_.jpg","user/throttle":0.30000001192092898,"user/angle":-0.02683577686548233,"user/mode":"user","track/lap":0,"track/loc":201}