{"cam/image_array":"1752_cam-image_array_.jpg","user/throttle":0.30000001192092898,"user/angle":-0.02673676423728466,"user/mode":"user","track/lap":0,"track/loc":43}