{"cam/image_array":"2337_cam-image_array_.jpg","user/throttle":0.30000001192092898,"user/angle":-0.029205672442913057,"user/mode":"user","track/lap":0,"track/loc":57}