{"cam/image_array":"8107_cam-image_array_.jpg","user/throttle":0.30000001192092898,"user/angle":-0.150160551071167,"user/mode":"user","track/lap":0,"track/loc":192}