{"cam/image_array":"1254_cam-image_array_.jpg","user/throttle":0.30000001192092898,"user/angle":-0.0960443913936615,"user/mode":"user","track/lap":0,"track/loc":32}