{"cam/image_array":"5094_cam-image_array_.jpg","user/throttle":0.30000001192092898,"user/angle":0.10995367169380188,"user/mode":"user","track/lap":0,"track/loc":122}