{"cam/image_array":"2630_cam-image_array_.jpg","user/throttle":0.30000001192092898,"user/angle":-0.047955188900232318,"user/mode":"user","track/lap":0,"track/loc":63}