{"cam/image_array":"7594_cam-image_array_.jpg","user/throttle":0.30000001192092898,"user/angle":0.0030944393947720529,"user/mode":"user","track/lap":0,"track/loc":181}