{"cam/image_array":"5906_cam-image_array_.jpg","user/throttle":0.30000001192092898,"user/angle":-0.0000566762282687705,"user/mode":"user","track/lap":0,"track/loc":140}