{"cam/image_array":"4342_cam-image_array_.jpg","user/throttle":0.30000001192092898,"user/angle":-0.1708197444677353,"user/mode":"user","track/lap":0,"track/loc":104}