{"cam/image_array":"6353_cam-image_array_.jpg","user/throttle":0.30000001192092898,"user/angle":-0.25611257553100588,"user/mode":"user","track/lap":0,"track/loc":147}