{"cam/image_array":"7698_cam-image_array_.jpg","user/throttle":0.30000001192092898,"user/angle":0.04117850959300995,"user/mode":"user","track/lap":0,"track/loc":183}