{"cam/image_array":"3031_cam-image_array_.jpg","user/throttle":0.30000001192092898,"user/angle":0.06700316071510315,"user/mode":"user","track/lap":0,"track/loc":73}