{"cam/image_array":"37_cam-image_array_.jpg","user/throttle":0.30000001192092898,"user/angle":-0.0034427600912749769,"user/mode":"user","track/lap":0,"track/loc":0}