{"cam/image_array":"6692_cam-image_array_.jpg","user/throttle":0.30000001192092898,"user/angle":0.3175901472568512,"user/mode":"user","track/lap":0,"track/loc":153}