{"cam/image_array":"2471_cam-image_array_.jpg","user/throttle":0.30000001192092898,"user/angle":-0.03504567965865135,"user/mode":"user","track/lap":0,"track/loc":60}