{"cam/image_array":"8094_cam-image_array_.jpg","user/throttle":0.30000001192092898,"user/angle":-0.17035244405269624,"user/mode":"user","track/lap":0,"track/loc":192}