{"cam/image_array":"6827_cam-image_array_.jpg","user/throttle":0.30000001192092898,"user/angle":-0.041729461401700976,"user/mode":"user","track/lap":0,"track/loc":158}