{"cam/image_array":"657_cam-image_array_.jpg","user/throttle":0.30000001192092898,"user/angle":-0.0539676770567894,"user/mode":"user","track/lap":0,"track/loc":16}