{"cam/image_array":"373_cam-image_array_.jpg","user/throttle":0.30000001192092898,"user/angle":-0.04787220060825348,"user/mode":"user","track/lap":0,"track/loc":10}