{"cam/image_array":"1356_cam-image_array_.jpg","user/throttle":0.30000001192092898,"user/angle":-0.05406901240348816,"user/mode":"user","track/lap":0,"track/loc":34}