{"cam/image_array":"2824_cam-image_array_.jpg","user/throttle":0.30000001192092898,"user/angle":-0.09711357951164246,"user/mode":"user","track/lap":0,"track/loc":68}