{"cam/image_array":"6904_cam-image_array_.jpg","user/throttle":0.30000001192092898,"user/angle":-0.11965470016002655,"user/mode":"user","track/lap":0,"track/loc":162}