{"cam/image_array":"8828_cam-image_array_.jpg","user/throttle":0.30000001192092898,"user/angle":0.020479412749409677,"user/mode":"user","track/lap":0,"track/loc":209}