{"cam/image_array":"957_cam-image_array_.jpg","user/throttle":0.30000001192092898,"user/angle":0.10752181708812714,"user/mode":"user","track/lap":0,"track/loc":24}