{"cam/image_array":"5032_cam-image_array_.jpg","user/throttle":0.30000001192092898,"user/angle":0.11454685032367706,"user/mode":"user","track/lap":0,"track/loc":120}