{"cam/image_array":"2500_cam-image_array_.jpg","user/throttle":0.30000001192092898,"user/angle":0.011683298274874688,"user/mode":"user","track/lap":0,"track/loc":60}