{"cam/image_array":"2394_cam-image_array_.jpg","user/throttle":0.30000001192092898,"user/angle":-0.05057455971837044,"user/mode":"user","track/lap":0,"track/loc":58}