{"cam/image_array":"9152_cam-image_array_.jpg","user/throttle":0.30000001192092898,"user/angle":0.0008391000446863473,"user/mode":"user","track/lap":0,"track/loc":216}