{"cam/image_array":"3964_cam-image_array_.jpg","user/throttle":0.30000001192092898,"user/angle":0.10414945334196091,"user/mode":"user","track/lap":0,"track/loc":96}