{"cam/image_array":"536_cam-image_array_.jpg","user/throttle":0.30000001192092898,"user/angle":0.018558155745267869,"user/mode":"user","track/lap":0,"track/loc":13}