{"cam/image_array":"3218_cam-image_array_.jpg","user/throttle":0.30000001192092898,"user/angle":0.008519026450812817,"user/mode":"user","track/lap":0,"track/loc":78}