{"cam/image_array":"1672_cam-image_array_.jpg","user/throttle":0.30000001192092898,"user/angle":-0.1380932629108429,"user/mode":"user","track/lap":0,"track/loc":41}