{"cam/image_array":"7420_cam-image_array_.jpg","user/throttle":0.30000001192092898,"user/angle":-0.07081300020217896,"user/mode":"user","track/lap":0,"track/loc":176}