{"cam/image_array":"8182_cam-image_array_.jpg","user/throttle":0.30000001192092898,"user/angle":0.11849702149629593,"user/mode":"user","track/lap":0,"track/loc":194}