{"cam/image_array":"8892_cam-image_array_.jpg","user/throttle":0.30000001192092898,"user/angle":-0.01475942600518465,"user/mode":"user","track/lap":0,"track/loc":210}