{"cam/image_array":"7051_cam-image_array_.jpg","user/throttle":0.30000001192092898,"user/angle":0.03942277655005455,"user/mode":"user","track/lap":0,"track/loc":167}