{"cam/image_array":"7177_cam-image_array_.jpg","user/throttle":0.30000001192092898,"user/angle":-0.05670534074306488,"user/mode":"user","track/lap":0,"track/loc":171}