{"cam/image_array":"2084_cam-image_array_.jpg","user/throttle":0.30000001192092898,"user/angle":0.24548952281475068,"user/mode":"user","track/lap":0,"track/loc":51}