{"cam/image_array":"3413_cam-image_array_.jpg","user/throttle":0.30000001192092898,"user/angle":-0.05114737153053284,"user/mode":"user","track/lap":0,"track/loc":83}