{"cam/image_array":"4565_cam-image_array_.jpg","user/throttle":0.30000001192092898,"user/angle":-0.20187358558177949,"user/mode":"user","track/lap":0,"track/loc":109}