{"cam/image_array":"879_cam-image_array_.jpg","user/throttle":0.30000001192092898,"user/angle":0.18991491198539735,"user/mode":"user","track/lap":0,"track/loc":23}