{"cam/image_array":"9330_cam-image_array_.jpg","user/throttle":0.30000001192092898,"user/angle":-0.003575148992240429,"user/mode":"user","track/lap":0,"track/loc":220}