{"cam/image_array":"7052_cam-image_array_.jpg","user/throttle":0.30000001192092898,"user/angle":0.04047257453203201,"user/mode":"user","track/lap":0,"track/loc":167}