{"cam/image_array":"1797_cam-image_array_.jpg","user/throttle":0.30000001192092898,"user/angle":-0.03350977599620819,"user/mode":"user","track/lap":0,"track/loc":44}