{"cam/image_array":"4784_cam-image_array_.jpg","user/throttle":0.30000001192092898,"user/angle":0.10063351690769196,"user/mode":"user","track/lap":0,"track/loc":114}