{"cam/image_array":"3187_cam-image_array_.jpg","user/throttle":0.30000001192092898,"user/angle":0.07094380259513855,"user/mode":"user","track/lap":0,"track/loc":77}