{"cam/image_array":"6510_cam-image_array_.jpg","user/throttle":0.30000001192092898,"user/angle":-0.0016906829550862313,"user/mode":"user","track/lap":0,"track/loc":150}