{"cam/image_array":"7396_cam-image_array_.jpg","user/throttle":0.30000001192092898,"user/angle":-0.034883059561252597,"user/mode":"user","track/lap":0,"track/loc":176}