{"cam/image_array":"3824_cam-image_array_.jpg","user/throttle":0.30000001192092898,"user/angle":-0.21953833103179933,"user/mode":"user","track/lap":0,"track/loc":92}