{"cam/image_array":"6685_cam-image_array_.jpg","user/throttle":0.30000001192092898,"user/angle":0.2697156071662903,"user/mode":"user","track/lap":0,"track/loc":153}