{"cam/image_array":"7626_cam-image_array_.jpg","user/throttle":0.30000001192092898,"user/angle":-0.020838506519794465,"user/mode":"user","track/lap":0,"track/loc":181}