{"cam/image_array":"4916_cam-image_array_.jpg","user/throttle":0.30000001192092898,"user/angle":0.16139018535614015,"user/mode":"user","track/lap":0,"track/loc":117}