{"cam/image_array":"4282_cam-image_array_.jpg","user/throttle":0.30000001192092898,"user/angle":-0.031785622239112857,"user/mode":"user","track/lap":0,"track/loc":103}