{"cam/image_array":"2577_cam-image_array_.jpg","user/throttle":0.30000001192092898,"user/angle":-0.08619171380996704,"user/mode":"user","track/lap":0,"track/loc":62}