{"cam/image_array":"8001_cam-image_array_.jpg","user/throttle":0.30000001192092898,"user/angle":-0.007512966170907021,"user/mode":"user","track/lap":0,"track/loc":190}