{"cam/image_array":"3223_cam-image_array_.jpg","user/throttle":0.30000001192092898,"user/angle":0.0029578623361885549,"user/mode":"user","track/lap":0,"track/loc":78}