{"cam/image_array":"3670_cam-image_array_.jpg","user/throttle":0.30000001192092898,"user/angle":-0.08716171234846115,"user/mode":"user","track/lap":0,"track/loc":89}