{"cam/image_array":"2530_cam-image_array_.jpg","user/throttle":0.30000001192092898,"user/angle":-0.13324423134326936,"user/mode":"user","track/lap":0,"track/loc":61}