{"cam/image_array":"1688_cam-image_array_.jpg","user/throttle":0.30000001192092898,"user/angle":-0.13558617234230042,"user/mode":"user","track/lap":0,"track/loc":42}