{"cam/image_array":"7219_cam-image_array_.jpg","user/throttle":0.30000001192092898,"user/angle":-0.10157868266105652,"user/mode":"user","track/lap":0,"track/loc":171}