{"cam/image_array":"4181_cam-image_array_.jpg","user/throttle":0.30000001192092898,"user/angle":0.23502294719219209,"user/mode":"user","track/lap":0,"track/loc":100}