{"cam/image_array":"5598_cam-image_array_.jpg","user/throttle":0.30000001192092898,"user/angle":0.19464446604251862,"user/mode":"user","track/lap":0,"track/loc":134}