{"cam/image_array":"8168_cam-image_array_.jpg","user/throttle":0.30000001192092898,"user/angle":-0.041162487119436267,"user/mode":"user","track/lap":0,"track/loc":194}