{"cam/image_array":"5453_cam-image_array_.jpg","user/throttle":0.30000001192092898,"user/angle":-0.15288156270980836,"user/mode":"user","track/lap":0,"track/loc":130}