{"cam/image_array":"2767_cam-image_array_.jpg","user/throttle":0.30000001192092898,"user/angle":-0.12241306900978089,"user/mode":"user","track/lap":0,"track/loc":66}