{"cam/image_array":"6467_cam-image_array_.jpg","user/throttle":0.30000001192092898,"user/angle":0.25202253460884097,"user/mode":"user","track/lap":0,"track/loc":149}