{"cam/image_array":"3271_cam-image_array_.jpg","user/throttle":0.30000001192092898,"user/angle":0.028936317190527917,"user/mode":"user","track/lap":0,"track/loc":79}