{"cam/image_array":"7150_cam-image_array_.jpg","user/throttle":0.30000001192092898,"user/angle":-0.007649093866348267,"user/mode":"user","track/lap":0,"track/loc":170}