{"cam/image_array":"1730_cam-image_array_.jpg","user/throttle":0.30000001192092898,"user/angle":-0.0280461385846138,"user/mode":"user","track/lap":0,"track/loc":43}