{"cam/image_array":"7907_cam-image_array_.jpg","user/throttle":0.30000001192092898,"user/angle":-0.02007969096302986,"user/mode":"user","track/lap":0,"track/loc":188}