{"cam/image_array":"7275_cam-image_array_.jpg","user/throttle":0.30000001192092898,"user/angle":-0.11109799146652222,"user/mode":"user","track/lap":0,"track/loc":173}