{"cam/image_array":"2062_cam-image_array_.jpg","user/throttle":0.30000001192092898,"user/angle":0.21411484479904176,"user/mode":"user","track/lap":0,"track/loc":51}