{"cam/image_array":"9015_cam-image_array_.jpg","user/throttle":0.30000001192092898,"user/angle":-0.011003145948052407,"user/mode":"user","track/lap":0,"track/loc":213}