{"cam/image_array":"3482_cam-image_array_.jpg","user/throttle":0.30000001192092898,"user/angle":-0.034172382205724719,"user/mode":"user","track/lap":0,"track/loc":84}