{"cam/image_array":"6343_cam-image_array_.jpg","user/throttle":0.30000001192092898,"user/angle":-0.26961585879325869,"user/mode":"user","track/lap":0,"track/loc":147}