{"cam/image_array":"1517_cam-image_array_.jpg","user/throttle":0.30000001192092898,"user/angle":-0.08461403846740723,"user/mode":"user","track/lap":0,"track/loc":38}