{"cam/image_array":"3859_cam-image_array_.jpg","user/throttle":0.30000001192092898,"user/angle":-0.0046066720969974998,"user/mode":"user","track/lap":0,"track/loc":93}