{"cam/image_array":"1008_cam-image_array_.jpg","user/throttle":0.30000001192092898,"user/angle":0.08569706231355667,"user/mode":"user","track/lap":0,"track/loc":26}