{"cam/image_array":"7145_cam-image_array_.jpg","user/throttle":0.30000001192092898,"user/angle":-0.0033330798614770176,"user/mode":"user","track/lap":0,"track/loc":170}