{"cam/image_array":"1509_cam-image_array_.jpg","user/throttle":0.30000001192092898,"user/angle":-0.07137643545866013,"user/mode":"user","track/lap":0,"track/loc":38}