{"cam/image_array":"2017_cam-image_array_.jpg","user/throttle":0.30000001192092898,"user/angle":0.1342252790927887,"user/mode":"user","track/lap":0,"track/loc":50}