{"cam/image_array":"5536_cam-image_array_.jpg","user/throttle":0.30000001192092898,"user/angle":-0.15579909086227418,"user/mode":"user","track/lap":0,"track/loc":132}