{"cam/image_array":"495_cam-image_array_.jpg","user/throttle":0.30000001192092898,"user/angle":-0.029057513922452928,"user/mode":"user","track/lap":0,"track/loc":12}