{"cam/image_array":"8318_cam-image_array_.jpg","user/throttle":0.30000001192092898,"user/angle":0.05940048769116402,"user/mode":"user","track/lap":0,"track/loc":197}