{"cam/image_array":"1914_cam-image_array_.jpg","user/throttle":0.30000001192092898,"user/angle":0.1404992938041687,"user/mode":"user","track/lap":0,"track/loc":47}