{"cam/image_array":"9250_cam-image_array_.jpg","user/throttle":0.30000001192092898,"user/angle":-0.00008118075493257493,"user/mode":"user","track/lap":0,"track/loc":218}