{"cam/image_array":"7945_cam-image_array_.jpg","user/throttle":0.30000001192092898,"user/angle":-0.0010111790616065264,"user/mode":"user","track/lap":0,"track/loc":188}