{"cam/image_array":"7097_cam-image_array_.jpg","user/throttle":0.30000001192092898,"user/angle":-0.02085573598742485,"user/mode":"user","track/lap":0,"track/loc":169}