{"cam/image_array":"4268_cam-image_array_.jpg","user/throttle":0.30000001192092898,"user/angle":-0.05017735809087753,"user/mode":"user","track/lap":0,"track/loc":102}