{"cam/image_array":"3078_cam-image_array_.jpg","user/throttle":0.30000001192092898,"user/angle":0.1552964746952057,"user/mode":"user","track/lap":0,"track/loc":74}