{"cam/image_array":"5953_cam-image_array_.jpg","user/throttle":0.30000001192092898,"user/angle":-0.08646982908248902,"user/mode":"user","track/lap":0,"track/loc":141}