{"cam/image_array":"5578_cam-image_array_.jpg","user/throttle":0.30000001192092898,"user/angle":0.20350795984268189,"user/mode":"user","track/lap":0,"track/loc":133}