{"cam/image_array":"3089_cam-image_array_.jpg","user/throttle":0.30000001192092898,"user/angle":0.19462695717811585,"user/mode":"user","track/lap":0,"track/loc":74}