{"cam/image_array":"7090_cam-image_array_.jpg","user/throttle":0.30000001192092898,"user/angle":-0.044600311666727069,"user/mode":"user","track/lap":0,"track/loc":169}