{"cam/image_array":"3702_cam-image_array_.jpg","user/throttle":0.30000001192092898,"user/angle":-0.19117511808872224,"user/mode":"user","track/lap":0,"track/loc":90}