{"cam/image_array":"3853_cam-image_array_.jpg","user/throttle":0.30000001192092898,"user/angle":-0.10234743356704712,"user/mode":"user","track/lap":0,"track/loc":93}