{"cam/image_array":"4838_cam-image_array_.jpg","user/throttle":0.30000001192092898,"user/angle":0.10050372779369354,"user/mode":"user","track/lap":0,"track/loc":116}