{"cam/image_array":"7106_cam-image_array_.jpg","user/throttle":0.30000001192092898,"user/angle":-0.016241146251559259,"user/mode":"user","track/lap":0,"track/loc":169}