{"cam/image_array":"6750_cam-image_array_.jpg","user/throttle":0.30000001192092898,"user/angle":-0.20962730050086976,"user/mode":"user","track/lap":0,"track/loc":155}