{"cam/image_array":"641_cam-image_array_.jpg","user/throttle":0.30000001192092898,"user/angle":-0.05567251145839691,"user/mode":"user","track/lap":0,"track/loc":16}