{"cam/image_array":"4904_cam-image_array_.jpg","user/throttle":0.30000001192092898,"user/angle":0.1894938349723816,"user/mode":"user","track/lap":0,"track/loc":117}