{"cam/image_array":"8258_cam-image_array_.jpg","user/throttle":0.30000001192092898,"user/angle":-0.04832841083407402,"user/mode":"user","track/lap":0,"track/loc":196}