{"cam/image_array":"2695_cam-image_array_.jpg","user/throttle":0.30000001192092898,"user/angle":-0.03471238538622856,"user/mode":"user","track/lap":0,"track/loc":65}