{"cam/image_array":"3598_cam-image_array_.jpg","user/throttle":0.30000001192092898,"user/angle":-0.08879783004522324,"user/mode":"user","track/lap":0,"track/loc":87}