{"cam/image_array":"88_cam-image_array_.jpg","user/throttle":0.30000001192092898,"user/angle":-0.0030284696258604528,"user/mode":"user","track/lap":0,"track/loc":2}