{"cam/image_array":"8543_cam-image_array_.jpg","user/throttle":0.30000001192092898,"user/angle":0.048659972846508029,"user/mode":"user","track/lap":0,"track/loc":202}