{"cam/image_array":"2776_cam-image_array_.jpg","user/throttle":0.30000001192092898,"user/angle":-0.11417321860790253,"user/mode":"user","track/lap":0,"track/loc":67}