{"cam/image_array":"4377_cam-image_array_.jpg","user/throttle":0.30000001192092898,"user/angle":-0.07794612646102905,"user/mode":"user","track/lap":0,"track/loc":105}