{"cam/image_array":"3945_cam-image_array_.jpg","user/throttle":0.30000001192092898,"user/angle":-0.027776531875133516,"user/mode":"user","track/lap":0,"track/loc":95}