{"cam/image_array":"5718_cam-image_array_.jpg","user/throttle":0.30000001192092898,"user/angle":-0.02807052806019783,"user/mode":"user","track/lap":0,"track/loc":137}