{"cam/image_array":"1174_cam-image_array_.jpg","user/throttle":0.30000001192092898,"user/angle":-0.21293286979198457,"user/mode":"user","track/lap":0,"track/loc":30}