{"cam/image_array":"8034_cam-image_array_.jpg","user/throttle":0.30000001192092898,"user/angle":0.051954664289951327,"user/mode":"user","track/lap":0,"track/loc":190}