{"cam/image_array":"4312_cam-image_array_.jpg","user/throttle":0.30000001192092898,"user/angle":-0.17730624973773957,"user/mode":"user","track/lap":0,"track/loc":104}