{"cam/image_array":"130_cam-image_array_.jpg","user/throttle":0.30000001192092898,"user/angle":0.017163200303912164,"user/mode":"user","track/lap":0,"track/loc":3}