{"cam/image_array":"3144_cam-image_array_.jpg","user/throttle":0.30000001192092898,"user/angle":-0.005919055547565222,"user/mode":"user","track/lap":0,"track/loc":76}