{"cam/image_array":"870_cam-image_array_.jpg","user/throttle":0.30000001192092898,"user/angle":0.16746315360069276,"user/mode":"user","track/lap":0,"track/loc":23}