{"cam/image_array":"4844_cam-image_array_.jpg","user/throttle":0.30000001192092898,"user/angle":0.10669252276420593,"user/mode":"user","track/lap":0,"track/loc":116}