{"cam/image_array":"610_cam-image_array_.jpg","user/throttle":0.30000001192092898,"user/angle":0.02207612432539463,"user/mode":"user","track/lap":0,"track/loc":15}