{"cam/image_array":"1811_cam-image_array_.jpg","user/throttle":0.30000001192092898,"user/angle":0.05358335003256798,"user/mode":"user","track/lap":0,"track/loc":45}