{"cam/image_array":"918_cam-image_array_.jpg","user/throttle":0.30000001192092898,"user/angle":0.13848817348480225,"user/mode":"user","track/lap":0,"track/loc":23}