{"cam/image_array":"8478_cam-image_array_.jpg","user/throttle":0.30000001192092898,"user/angle":-0.040759433060884479,"user/mode":"user","track/lap":0,"track/loc":201}