{"cam/image_array":"6548_cam-image_array_.jpg","user/throttle":0.30000001192092898,"user/angle":0.3061170279979706,"user/mode":"user","track/lap":0,"track/loc":150}