{"cam/image_array":"4039_cam-image_array_.jpg","user/throttle":0.30000001192092898,"user/angle":0.14901448786258698,"user/mode":"user","track/lap":0,"track/loc":97}