{"cam/image_array":"9394_cam-image_array_.jpg","user/throttle":0.30000001192092898,"user/angle":-0.0041896323673427109,"user/mode":"user","track/lap":0,"track/loc":221}