{"cam/image_array":"4727_cam-image_array_.jpg","user/throttle":0.30000001192092898,"user/angle":0.19340921938419343,"user/mode":"user","track/lap":0,"track/loc":113}