{"cam/image_array":"4551_cam-image_array_.jpg","user/throttle":0.30000001192092898,"user/angle":-0.1847398579120636,"user/mode":"user","track/lap":0,"track/loc":109}