{"cam/image_array":"2162_cam-image_array_.jpg","user/throttle":0.30000001192092898,"user/angle":0.15073758363723756,"user/mode":"user","track/lap":0,"track/loc":53}