{"cam/image_array":"8101_cam-image_array_.jpg","user/throttle":0.30000001192092898,"user/angle":-0.18284517526626588,"user/mode":"user","track/lap":0,"track/loc":192}