{"cam/image_array":"3644_cam-image_array_.jpg","user/throttle":0.30000001192092898,"user/angle":-0.05656418949365616,"user/mode":"user","track/lap":0,"track/loc":88}