{"cam/image_array":"321_cam-image_array_.jpg","user/throttle":0.30000001192092898,"user/angle":-0.07357469201087952,"user/mode":"user","track/lap":0,"track/loc":9}