{"cam/image_array":"7288_cam-image_array_.jpg","user/throttle":0.30000001192092898,"user/angle":-0.07479912042617798,"user/mode":"user","track/lap":0,"track/loc":173}