{"cam/image_array":"739_cam-image_array_.jpg","user/throttle":0.30000001192092898,"user/angle":-0.1406446099281311,"user/mode":"user","track/lap":0,"track/loc":19}