{"cam/image_array":"8372_cam-image_array_.jpg","user/throttle":0.30000001192092898,"user/angle":-0.03650519251823425,"user/mode":"user","track/lap":0,"track/loc":198}