{"cam/image_array":"5050_cam-image_array_.jpg","user/throttle":0.30000001192092898,"user/angle":0.07729023694992066,"user/mode":"user","track/lap":0,"track/loc":121}