{"cam/image_array":"7361_cam-image_array_.jpg","user/throttle":0.30000001192092898,"user/angle":-0.12253821641206742,"user/mode":"user","track/lap":0,"track/loc":175}