{"cam/image_array":"4011_cam-image_array_.jpg","user/throttle":0.30000001192092898,"user/angle":0.15173077583312989,"user/mode":"user","track/lap":0,"track/loc":97}