{"cam/image_array":"9061_cam-image_array_.jpg","user/throttle":0.30000001192092898,"user/angle":0.0027564100455492737,"user/mode":"user","track/lap":0,"track/loc":214}