{"cam/image_array":"2001_cam-image_array_.jpg","user/throttle":0.30000001192092898,"user/angle":0.165336474776268,"user/mode":"user","track/lap":0,"track/loc":49}