{"cam/image_array":"3489_cam-image_array_.jpg","user/throttle":0.30000001192092898,"user/angle":-0.04091311991214752,"user/mode":"user","track/lap":0,"track/loc":85}