{"cam/image_array":"4230_cam-image_array_.jpg","user/throttle":0.30000001192092898,"user/angle":-0.4462745189666748,"user/mode":"user","track/lap":0,"track/loc":102}