{"cam/image_array":"2979_cam-image_array_.jpg","user/throttle":0.30000001192092898,"user/angle":0.23376396298408509,"user/mode":"user","track/lap":0,"track/loc":72}