{"cam/image_array":"7124_cam-image_array_.jpg","user/throttle":0.30000001192092898,"user/angle":0.0047638509422540669,"user/mode":"user","track/lap":0,"track/loc":169}