{"cam/image_array":"9440_cam-image_array_.jpg","user/throttle":0.30000001192092898,"user/angle":0.001776017714291811,"user/mode":"user","track/lap":0,"track/loc":223}