{"cam/image_array":"9485_cam-image_array_.jpg","user/throttle":0.30000001192092898,"user/angle":-0.00023165784659795463,"user/mode":"user","track/lap":0,"track/loc":224}