{"cam/image_array":"9135_cam-image_array_.jpg","user/throttle":0.30000001192092898,"user/angle":-0.003911660052835941,"user/mode":"user","track/lap":0,"track/loc":215}