{"cam/image_array":"7936_cam-image_array_.jpg","user/throttle":0.30000001192092898,"user/angle":0.022031152620911599,"user/mode":"user","track/lap":0,"track/loc":188}