{"cam/image_array":"931_cam-image_array_.jpg","user/throttle":0.30000001192092898,"user/angle":0.09148536622524262,"user/mode":"user","track/lap":0,"track/loc":24}