{"cam/image_array":"6909_cam-image_array_.jpg","user/throttle":0.30000001192092898,"user/angle":-0.09666313230991364,"user/mode":"user","track/lap":0,"track/loc":162}