{"cam/image_array":"9213_cam-image_array_.jpg","user/throttle":0.30000001192092898,"user/angle":0.008507996797561646,"user/mode":"user","track/lap":0,"track/loc":217}