{"cam/image_array":"8631_cam-image_array_.jpg","user/throttle":0.30000001192092898,"user/angle":0.015016220510005951,"user/mode":"user","track/lap":0,"track/loc":204}