{"cam/image_array":"5004_cam-image_array_.jpg","user/throttle":0.30000001192092898,"user/angle":0.12340996414422989,"user/mode":"user","track/lap":0,"track/loc":120}