{"cam/image_array":"2379_cam-image_array_.jpg","user/throttle":0.30000001192092898,"user/angle":-0.048096150159835818,"user/mode":"user","track/lap":0,"track/loc":58}