{"cam/image_array":"4437_cam-image_array_.jpg","user/throttle":0.30000001192092898,"user/angle":-0.2015673816204071,"user/mode":"user","track/lap":0,"track/loc":107}