{"cam/image_array":"5590_cam-image_array_.jpg","user/throttle":0.30000001192092898,"user/angle":0.2079278826713562,"user/mode":"user","track/lap":0,"track/loc":133}