{"cam/image_array":"3914_cam-image_array_.jpg","user/throttle":0.30000001192092898,"user/angle":0.19208340346813203,"user/mode":"user","track/lap":0,"track/loc":94}