{"cam/image_array":"6289_cam-image_array_.jpg","user/throttle":0.30000001192092898,"user/angle":-0.10430890321731568,"user/mode":"user","track/lap":0,"track/loc":146}