{"cam/image_array":"2248_cam-image_array_.jpg","user/throttle":0.30000001192092898,"user/angle":0.09477908909320831,"user/mode":"user","track/lap":0,"track/loc":55}