{"cam/image_array":"4176_cam-image_array_.jpg","user/throttle":0.30000001192092898,"user/angle":0.19192564487457276,"user/mode":"user","track/lap":0,"track/loc":100}