{"cam/image_array":"2661_cam-image_array_.jpg","user/throttle":0.30000001192092898,"user/angle":-0.048938244581222537,"user/mode":"user","track/lap":0,"track/loc":64}