{"cam/image_array":"1615_cam-image_array_.jpg","user/throttle":0.30000001192092898,"user/angle":-0.14758217334747315,"user/mode":"user","track/lap":0,"track/loc":40}