{"cam/image_array":"8619_cam-image_array_.jpg","user/throttle":0.30000001192092898,"user/angle":-0.0013361566234380007,"user/mode":"user","track/lap":0,"track/loc":204}