{"cam/image_array":"5771_cam-image_array_.jpg","user/throttle":0.30000001192092898,"user/angle":0.06409390270709992,"user/mode":"user","track/lap":0,"track/loc":138}