{"cam/image_array":"7752_cam-image_array_.jpg","user/throttle":0.30000001192092898,"user/angle":-0.10256734490394592,"user/mode":"user","track/lap":0,"track/loc":184}