{"cam/image_array":"7045_cam-image_array_.jpg","user/throttle":0.30000001192092898,"user/angle":0.10979917645454407,"user/mode":"user","track/lap":0,"track/loc":167}