{"cam/image_array":"712_cam-image_array_.jpg","user/throttle":0.30000001192092898,"user/angle":0.1293804794549942,"user/mode":"user","track/lap":0,"track/loc":17}