{"cam/image_array":"280_cam-image_array_.jpg","user/throttle":0.30000001192092898,"user/angle":-0.01886668987572193,"user/mode":"user","track/lap":0,"track/loc":8}