{"cam/image_array":"2680_cam-image_array_.jpg","user/throttle":0.30000001192092898,"user/angle":-0.020900672301650049,"user/mode":"user","track/lap":0,"track/loc":64}