{"cam/image_array":"8390_cam-image_array_.jpg","user/throttle":0.30000001192092898,"user/angle":-0.06458443403244019,"user/mode":"user","track/lap":0,"track/loc":199}