{"cam/image_array":"8124_cam-image_array_.jpg","user/throttle":0.30000001192092898,"user/angle":-0.12840388715267182,"user/mode":"user","track/lap":0,"track/loc":193}