{"cam/image_array":"2843_cam-image_array_.jpg","user/throttle":0.30000001192092898,"user/angle":-0.14532941579818726,"user/mode":"user","track/lap":0,"track/loc":68}