{"cam/image_array":"4970_cam-image_array_.jpg","user/throttle":0.30000001192092898,"user/angle":0.05031241104006767,"user/mode":"user","track/lap":0,"track/loc":119}