{"cam/image_array":"229_cam-image_array_.jpg","user/throttle":0.30000001192092898,"user/angle":0.0008151565562002361,"user/mode":"user","track/lap":0,"track/loc":7}