{"cam/image_array":"4357_cam-image_array_.jpg","user/throttle":0.30000001192092898,"user/angle":-0.12864066660404206,"user/mode":"user","track/lap":0,"track/loc":105}