{"cam/image_array":"8136_cam-image_array_.jpg","user/throttle":0.30000001192092898,"user/angle":-0.12888026237487794,"user/mode":"user","track/lap":0,"track/loc":193}