{"cam/image_array":"3889_cam-image_array_.jpg","user/throttle":0.30000001192092898,"user/angle":0.3506505489349365,"user/mode":"user","track/lap":0,"track/loc":94}