{"cam/image_array":"5209_cam-image_array_.jpg","user/throttle":0.30000001192092898,"user/angle":-0.20093204081058503,"user/mode":"user","track/lap":0,"track/loc":124}