{"cam/image_array":"1094_cam-image_array_.jpg","user/throttle":0.30000001192092898,"user/angle":0.06017983332276344,"user/mode":"user","track/lap":0,"track/loc":28}