{"cam/image_array":"2916_cam-image_array_.jpg","user/throttle":0.30000001192092898,"user/angle":-0.2352750152349472,"user/mode":"user","track/lap":0,"track/loc":70}