{"cam/image_array":"1221_cam-image_array_.jpg","user/throttle":0.30000001192092898,"user/angle":-0.08229425549507141,"user/mode":"user","track/lap":0,"track/loc":31}