{"cam/image_array":"9418_cam-image_array_.jpg","user/throttle":0.30000001192092898,"user/angle":0.0012517869472503663,"user/mode":"user","track/lap":0,"track/loc":222}