{"cam/image_array":"1022_cam-image_array_.jpg","user/throttle":0.30000001192092898,"user/angle":0.09979846328496933,"user/mode":"user","track/lap":0,"track/loc":27}