{"cam/image_array":"9493_cam-image_array_.jpg","user/throttle":0.30000001192092898,"user/angle":0.002567349001765251,"user/mode":"user","track/lap":0,"track/loc":224}