{"cam/image_array":"8710_cam-image_array_.jpg","user/throttle":0.30000001192092898,"user/angle":0.0026195035316050054,"user/mode":"user","track/lap":0,"track/loc":207}