{"cam/image_array":"1374_cam-image_array_.jpg","user/throttle":0.30000001192092898,"user/angle":-0.15002575516700746,"user/mode":"user","track/lap":0,"track/loc":35}