{"cam/image_array":"7098_cam-image_array_.jpg","user/throttle":0.30000001192092898,"user/angle":-0.04242021217942238,"user/mode":"user","track/lap":0,"track/loc":169}