{"cam/image_array":"8624_cam-image_array_.jpg","user/throttle":0.30000001192092898,"user/angle":0.008775812573730946,"user/mode":"user","track/lap":0,"track/loc":204}