{"cam/image_array":"3302_cam-image_array_.jpg","user/throttle":0.30000001192092898,"user/angle":-0.010874006897211075,"user/mode":"user","track/lap":0,"track/loc":80}