{"cam/image_array":"2205_cam-image_array_.jpg","user/throttle":0.30000001192092898,"user/angle":0.1595855951309204,"user/mode":"user","track/lap":0,"track/loc":54}