{"cam/image_array":"8274_cam-image_array_.jpg","user/throttle":0.30000001192092898,"user/angle":0.00818774476647377,"user/mode":"user","track/lap":0,"track/loc":196}