{"cam/image_array":"5314_cam-image_array_.jpg","user/throttle":0.30000001192092898,"user/angle":-0.19384479522705079,"user/mode":"user","track/lap":0,"track/loc":127}