{"cam/image_array":"4845_cam-image_array_.jpg","user/throttle":0.30000001192092898,"user/angle":0.11256808042526245,"user/mode":"user","track/lap":0,"track/loc":116}