{"cam/image_array":"108_cam-image_array_.jpg","user/throttle":0.30000001192092898,"user/angle":0.003129697171971202,"user/mode":"user","track/lap":0,"track/loc":2}