{"cam/image_array":"2169_cam-image_array_.jpg","user/throttle":0.30000001192092898,"user/angle":0.13352054357528687,"user/mode":"user","track/lap":0,"track/loc":53}