{"cam/image_array":"1190_cam-image_array_.jpg","user/throttle":0.30000001192092898,"user/angle":-0.2057417929172516,"user/mode":"user","track/lap":0,"track/loc":30}