{"cam/image_array":"5426_cam-image_array_.jpg","user/throttle":0.30000001192092898,"user/angle":-0.20327240228652955,"user/mode":"user","track/lap":0,"track/loc":130}