{"cam/image_array":"3369_cam-image_array_.jpg","user/throttle":0.30000001192092898,"user/angle":-0.072768934071064,"user/mode":"user","track/lap":0,"track/loc":82}