{"cam/image_array":"2849_cam-image_array_.jpg","user/throttle":0.30000001192092898,"user/angle":-0.1864793747663498,"user/mode":"user","track/lap":0,"track/loc":68}