{"cam/image_array":"1063_cam-image_array_.jpg","user/throttle":0.30000001192092898,"user/angle":0.10234222561120987,"user/mode":"user","track/lap":0,"track/loc":27}