{"cam/image_array":"586_cam-image_array_.jpg","user/throttle":0.30000001192092898,"user/angle":-0.014666836708784104,"user/mode":"user","track/lap":0,"track/loc":14}