{"cam/image_array":"1648_cam-image_array_.jpg","user/throttle":0.30000001192092898,"user/angle":-0.16156426072120667,"user/mode":"user","track/lap":0,"track/loc":41}