{"cam/image_array":"1729_cam-image_array_.jpg","user/throttle":0.30000001192092898,"user/angle":-0.021503722295165063,"user/mode":"user","track/lap":0,"track/loc":43}