{"cam/image_array":"5619_cam-image_array_.jpg","user/throttle":0.30000001192092898,"user/angle":0.01151309348642826,"user/mode":"user","track/lap":0,"track/loc":134}