{"cam/image_array":"6619_cam-image_array_.jpg","user/throttle":0.30000001192092898,"user/angle":0.04146455228328705,"user/mode":"user","track/lap":0,"track/loc":152}