{"cam/image_array":"5352_cam-image_array_.jpg","user/throttle":0.30000001192092898,"user/angle":-0.14068254828453065,"user/mode":"user","track/lap":0,"track/loc":128}