{"cam/image_array":"1107_cam-image_array_.jpg","user/throttle":0.30000001192092898,"user/angle":0.06721825897693634,"user/mode":"user","track/lap":0,"track/loc":28}