{"cam/image_array":"7544_cam-image_array_.jpg","user/throttle":0.30000001192092898,"user/angle":-0.016939356923103334,"user/mode":"user","track/lap":0,"track/loc":179}