{"cam/image_array":"5726_cam-image_array_.jpg","user/throttle":0.30000001192092898,"user/angle":-0.014595231972634793,"user/mode":"user","track/lap":0,"track/loc":137}