{"cam/image_array":"4811_cam-image_array_.jpg","user/throttle":0.30000001192092898,"user/angle":0.13638398051261903,"user/mode":"user","track/lap":0,"track/loc":115}