{"cam/image_array":"6665_cam-image_array_.jpg","user/throttle":0.30000001192092898,"user/angle":0.3105407953262329,"user/mode":"user","track/lap":0,"track/loc":153}