{"cam/image_array":"9047_cam-image_array_.jpg","user/throttle":0.30000001192092898,"user/angle":0.0007919577765278518,"user/mode":"user","track/lap":0,"track/loc":213}