{"cam/image_array":"3570_cam-image_array_.jpg","user/throttle":0.30000001192092898,"user/angle":-0.08402106910943985,"user/mode":"user","track/lap":0,"track/loc":87}