{"cam/image_array":"5464_cam-image_array_.jpg","user/throttle":0.30000001192092898,"user/angle":-0.17582102119922639,"user/mode":"user","track/lap":0,"track/loc":130}