{"cam/image_array":"3312_cam-image_array_.jpg","user/throttle":0.30000001192092898,"user/angle":0.000010675834346329793,"user/mode":"user","track/lap":0,"track/loc":80}