{"cam/image_array":"2269_cam-image_array_.jpg","user/throttle":0.30000001192092898,"user/angle":-0.132782980799675,"user/mode":"user","track/lap":0,"track/loc":55}