{"cam/image_array":"885_cam-image_array_.jpg","user/throttle":0.30000001192092898,"user/angle":0.1725088506937027,"user/mode":"user","track/lap":0,"track/loc":23}