{"cam/image_array":"46_cam-image_array_.jpg","user/throttle":0.30000001192092898,"user/angle":-0.016202779486775399,"user/mode":"user","track/lap":0,"track/loc":1}