{"cam/image_array":"8232_cam-image_array_.jpg","user/throttle":0.30000001192092898,"user/angle":0.0869336873292923,"user/mode":"user","track/lap":0,"track/loc":195}