{"cam/image_array":"9003_cam-image_array_.jpg","user/throttle":0.30000001192092898,"user/angle":-0.0014689249219372869,"user/mode":"user","track/lap":0,"track/loc":212}