{"cam/image_array":"5421_cam-image_array_.jpg","user/throttle":0.30000001192092898,"user/angle":-0.1482524275779724,"user/mode":"user","track/lap":0,"track/loc":129}