{"cam/image_array":"1877_cam-image_array_.jpg","user/throttle":0.30000001192092898,"user/angle":-0.0004593258781824261,"user/mode":"user","track/lap":0,"track/loc":46}