{"cam/image_array":"5288_cam-image_array_.jpg","user/throttle":0.30000001192092898,"user/angle":-0.1369614452123642,"user/mode":"user","track/lap":0,"track/loc":126}