{"cam/image_array":"2787_cam-image_array_.jpg","user/throttle":0.30000001192092898,"user/angle":-0.11874400079250336,"user/mode":"user","track/lap":0,"track/loc":67}