{"cam/image_array":"1529_cam-image_array_.jpg","user/throttle":0.30000001192092898,"user/angle":-0.08935639262199402,"user/mode":"user","track/lap":0,"track/loc":38}