{"cam/image_array":"6686_cam-image_array_.jpg","user/throttle":0.30000001192092898,"user/angle":0.435251384973526,"user/mode":"user","track/lap":0,"track/loc":153}