{"cam/image_array":"8018_cam-image_array_.jpg","user/throttle":0.30000001192092898,"user/angle":0.04265008866786957,"user/mode":"user","track/lap":0,"track/loc":190}