{"cam/image_array":"7261_cam-image_array_.jpg","user/throttle":0.30000001192092898,"user/angle":-0.1224750503897667,"user/mode":"user","track/lap":0,"track/loc":172}