{"cam/image_array":"1420_cam-image_array_.jpg","user/throttle":0.30000001192092898,"user/angle":-0.20605160295963288,"user/mode":"user","track/lap":0,"track/loc":36}