{"cam/image_array":"2993_cam-image_array_.jpg","user/throttle":0.30000001192092898,"user/angle":0.3858807682991028,"user/mode":"user","track/lap":0,"track/loc":72}