{"cam/image_array":"205_cam-image_array_.jpg","user/throttle":0.30000001192092898,"user/angle":0.018320072442293168,"user/mode":"user","track/lap":0,"track/loc":6}