{"cam/image_array":"7415_cam-image_array_.jpg","user/throttle":0.30000001192092898,"user/angle":-0.039040885865688327,"user/mode":"user","track/lap":0,"track/loc":176}