{"cam/image_array":"5176_cam-image_array_.jpg","user/throttle":0.30000001192092898,"user/angle":-0.0247443076223135,"user/mode":"user","track/lap":0,"track/loc":124}