{"cam/image_array":"4005_cam-image_array_.jpg","user/throttle":0.30000001192092898,"user/angle":0.20380590856075288,"user/mode":"user","track/lap":0,"track/loc":96}