{"cam/image_array":"6318_cam-image_array_.jpg","user/throttle":0.30000001192092898,"user/angle":-0.17051228880882264,"user/mode":"user","track/lap":0,"track/loc":147}