{"cam/image_array":"3927_cam-image_array_.jpg","user/throttle":0.30000001192092898,"user/angle":0.05479276552796364,"user/mode":"user","track/lap":0,"track/loc":95}