{"cam/image_array":"6358_cam-image_array_.jpg","user/throttle":0.30000001192092898,"user/angle":-0.2857004404067993,"user/mode":"user","track/lap":0,"track/loc":147}