{"cam/image_array":"7952_cam-image_array_.jpg","user/throttle":0.30000001192092898,"user/angle":-0.016713891178369523,"user/mode":"user","track/lap":0,"track/loc":189}