{"cam/image_array":"3402_cam-image_array_.jpg","user/throttle":0.30000001192092898,"user/angle":-0.04470478370785713,"user/mode":"user","track/lap":0,"track/loc":82}