{"cam/image_array":"2796_cam-image_array_.jpg","user/throttle":0.30000001192092898,"user/angle":-0.11750319600105286,"user/mode":"user","track/lap":0,"track/loc":67}