{"cam/image_array":"3908_cam-image_array_.jpg","user/throttle":0.30000001192092898,"user/angle":0.24132965505123139,"user/mode":"user","track/lap":0,"track/loc":94}