{"cam/image_array":"3774_cam-image_array_.jpg","user/throttle":0.30000001192092898,"user/angle":-0.22462423145771027,"user/mode":"user","track/lap":0,"track/loc":91}