{"cam/image_array":"7845_cam-image_array_.jpg","user/throttle":0.30000001192092898,"user/angle":-0.06743352860212326,"user/mode":"user","track/lap":0,"track/loc":186}