{"cam/image_array":"4004_cam-image_array_.jpg","user/throttle":0.30000001192092898,"user/angle":0.2060682624578476,"user/mode":"user","track/lap":0,"track/loc":96}