{"cam/image_array":"3901_cam-image_array_.jpg","user/throttle":0.30000001192092898,"user/angle":0.300805926322937,"user/mode":"user","track/lap":0,"track/loc":94}