{"cam/image_array":"4450_cam-image_array_.jpg","user/throttle":0.30000001192092898,"user/angle":-0.27170273661613467,"user/mode":"user","track/lap":0,"track/loc":107}