{"cam/image_array":"4113_cam-image_array_.jpg","user/throttle":0.30000001192092898,"user/angle":0.2739684283733368,"user/mode":"user","track/lap":0,"track/loc":99}