{"cam/image_array":"1772_cam-image_array_.jpg","user/throttle":0.30000001192092898,"user/angle":-0.04923154413700104,"user/mode":"user","track/lap":0,"track/loc":44}