{"cam/image_array":"8413_cam-image_array_.jpg","user/throttle":0.30000001192092898,"user/angle":-0.03865652531385422,"user/mode":"user","track/lap":0,"track/loc":199}