{"cam/image_array":"4476_cam-image_array_.jpg","user/throttle":0.30000001192092898,"user/angle":-0.19927243888378144,"user/mode":"user","track/lap":0,"track/loc":107}