{"cam/image_array":"1213_cam-image_array_.jpg","user/throttle":0.30000001192092898,"user/angle":-0.09187284111976624,"user/mode":"user","track/lap":0,"track/loc":31}