{"cam/image_array":"5847_cam-image_array_.jpg","user/throttle":0.30000001192092898,"user/angle":-0.06280363351106644,"user/mode":"user","track/lap":0,"track/loc":139}