{"cam/image_array":"6890_cam-image_array_.jpg","user/throttle":0.30000001192092898,"user/angle":-0.11777228116989136,"user/mode":"user","track/lap":0,"track/loc":161}