{"cam/image_array":"4617_cam-image_array_.jpg","user/throttle":0.30000001192092898,"user/angle":0.3126577138900757,"user/mode":"user","track/lap":0,"track/loc":111}