{"cam/image_array":"6816_cam-image_array_.jpg","user/throttle":0.30000001192092898,"user/angle":-0.06773987412452698,"user/mode":"user","track/lap":0,"track/loc":158}