{"cam/image_array":"6422_cam-image_array_.jpg","user/throttle":0.30000001192092898,"user/angle":0.45644912123680117,"user/mode":"user","track/lap":0,"track/loc":148}