{"cam/image_array":"546_cam-image_array_.jpg","user/throttle":0.30000001192092898,"user/angle":-0.0028242801781743767,"user/mode":"user","track/lap":0,"track/loc":13}