{"cam/image_array":"8813_cam-image_array_.jpg","user/throttle":0.30000001192092898,"user/angle":0.0038069316651672127,"user/mode":"user","track/lap":0,"track/loc":209}