{"cam/image_array":"9042_cam-image_array_.jpg","user/throttle":0.30000001192092898,"user/angle":-0.000004225707471050555,"user/mode":"user","track/lap":0,"track/loc":213}