{"cam/image_array":"3355_cam-image_array_.jpg","user/throttle":0.30000001192092898,"user/angle":-0.03158092126250267,"user/mode":"user","track/lap":0,"track/loc":81}