{"cam/image_array":"7985_cam-image_array_.jpg","user/throttle":0.30000001192092898,"user/angle":-0.06356152147054672,"user/mode":"user","track/lap":0,"track/loc":189}