{"cam/image_array":"8602_cam-image_array_.jpg","user/throttle":0.30000001192092898,"user/angle":-0.020659277215600015,"user/mode":"user","track/lap":0,"track/loc":203}