{"cam/image_array":"545_cam-image_array_.jpg","user/throttle":0.30000001192092898,"user/angle":-0.011297048069536686,"user/mode":"user","track/lap":0,"track/loc":13}