{"cam/image_array":"5572_cam-image_array_.jpg","user/throttle":0.30000001192092898,"user/angle":0.10732132941484451,"user/mode":"user","track/lap":0,"track/loc":133}