{"cam/image_array":"5762_cam-image_array_.jpg","user/throttle":0.30000001192092898,"user/angle":0.0613599456846714,"user/mode":"user","track/lap":0,"track/loc":138}