{"cam/image_array":"8462_cam-image_array_.jpg","user/throttle":0.30000001192092898,"user/angle":-0.022990968078374864,"user/mode":"user","track/lap":0,"track/loc":200}