{"cam/image_array":"4400_cam-image_array_.jpg","user/throttle":0.30000001192092898,"user/angle":-0.13666965067386628,"user/mode":"user","track/lap":0,"track/loc":106}