{"cam/image_array":"1602_cam-image_array_.jpg","user/throttle":0.30000001192092898,"user/angle":-0.1423189491033554,"user/mode":"user","track/lap":0,"track/loc":40}