{"cam/image_array":"2170_cam-image_array_.jpg","user/throttle":0.30000001192092898,"user/angle":0.13175295293331147,"user/mode":"user","track/lap":0,"track/loc":53}