{"cam/image_array":"6609_cam-image_array_.jpg","user/throttle":0.30000001192092898,"user/angle":0.06252124160528183,"user/mode":"user","track/lap":0,"track/loc":152}