{"cam/image_array":"8820_cam-image_array_.jpg","user/throttle":0.30000001192092898,"user/angle":0.0069105918519198898,"user/mode":"user","track/lap":0,"track/loc":209}