{"cam/image_array":"8266_cam-image_array_.jpg","user/throttle":0.30000001192092898,"user/angle":-0.022514786571264268,"user/mode":"user","track/lap":0,"track/loc":196}