{"cam/image_array":"1_cam-image_array_.jpg","user/throttle":0.30000001192092898,"user/angle":0.00018740689847618341,"user/mode":"user","track/lap":0,"track/loc":0}