{"cam/image_array":"1570_cam-image_array_.jpg","user/throttle":0.30000001192092898,"user/angle":-0.0932961255311966,"user/mode":"user","track/lap":0,"track/loc":39}