{"cam/image_array":"1093_cam-image_array_.jpg","user/throttle":0.30000001192092898,"user/angle":0.0598025806248188,"user/mode":"user","track/lap":0,"track/loc":28}