{"cam/image_array":"402_cam-image_array_.jpg","user/throttle":0.30000001192092898,"user/angle":-0.019027721136808397,"user/mode":"user","track/lap":0,"track/loc":10}