{"cam/image_array":"742_cam-image_array_.jpg","user/throttle":0.30000001192092898,"user/angle":0.051438115537166598,"user/mode":"user","track/lap":0,"track/loc":19}