{"cam/image_array":"9021_cam-image_array_.jpg","user/throttle":0.30000001192092898,"user/angle":-0.012743538245558739,"user/mode":"user","track/lap":0,"track/loc":213}