{"cam/image_array":"290_cam-image_array_.jpg","user/throttle":0.30000001192092898,"user/angle":-0.02098284475505352,"user/mode":"user","track/lap":0,"track/loc":8}