{"cam/image_array":"1510_cam-image_array_.jpg","user/throttle":0.30000001192092898,"user/angle":-0.07154835760593414,"user/mode":"user","track/lap":0,"track/loc":38}