{"cam/image_array":"1062_cam-image_array_.jpg","user/throttle":0.30000001192092898,"user/angle":0.10556402802467346,"user/mode":"user","track/lap":0,"track/loc":27}