{"cam/image_array":"2830_cam-image_array_.jpg","user/throttle":0.30000001192092898,"user/angle":-0.12686914205551148,"user/mode":"user","track/lap":0,"track/loc":68}