{"cam/image_array":"6198_cam-image_array_.jpg","user/throttle":0.30000001192092898,"user/angle":-0.1740233600139618,"user/mode":"user","track/lap":0,"track/loc":145}