{"cam/image_array":"4275_cam-image_array_.jpg","user/throttle":0.30000001192092898,"user/angle":0.02749672159552574,"user/mode":"user","track/lap":0,"track/loc":103}