{"cam/image_array":"1545_cam-image_array_.jpg","user/throttle":0.30000001192092898,"user/angle":-0.10702736675739289,"user/mode":"user","track/lap":0,"track/loc":39}