{"cam/image_array":"5250_cam-image_array_.jpg","user/throttle":0.30000001192092898,"user/angle":0.009605544619262219,"user/mode":"user","track/lap":0,"track/loc":125}