{"cam/image_array":"4630_cam-image_array_.jpg","user/throttle":0.30000001192092898,"user/angle":0.22233228385448457,"user/mode":"user","track/lap":0,"track/loc":111}