{"cam/image_array":"50_cam-image_array_.jpg","user/throttle":0.30000001192092898,"user/angle":-0.015964655205607415,"user/mode":"user","track/lap":0,"track/loc":1}