{"cam/image_array":"4391_cam-image_array_.jpg","user/throttle":0.30000001192092898,"user/angle":-0.10438189655542374,"user/mode":"user","track/lap":0,"track/loc":105}