{"cam/image_array":"3186_cam-image_array_.jpg","user/throttle":0.30000001192092898,"user/angle":0.07473789900541306,"user/mode":"user","track/lap":0,"track/loc":77}