{"cam/image_array":"28_cam-image_array_.jpg","user/throttle":0.30000001192092898,"user/angle":0.003695458872243762,"user/mode":"user","track/lap":0,"track/loc":0}