{"cam/image_array":"2948_cam-image_array_.jpg","user/throttle":0.30000001192092898,"user/angle":-0.2717002034187317,"user/mode":"user","track/lap":0,"track/loc":71}