{"cam/image_array":"6822_cam-image_array_.jpg","user/throttle":0.30000001192092898,"user/angle":-0.05155264213681221,"user/mode":"user","track/lap":0,"track/loc":158}