{"cam/image_array":"1739_cam-image_array_.jpg","user/throttle":0.30000001192092898,"user/angle":-0.029168199747800828,"user/mode":"user","track/lap":0,"track/loc":43}