{"cam/image_array":"5109_cam-image_array_.jpg","user/throttle":0.30000001192092898,"user/angle":0.1774364411830902,"user/mode":"user","track/lap":0,"track/loc":122}