{"cam/image_array":"6811_cam-image_array_.jpg","user/throttle":0.30000001192092898,"user/angle":-0.04554183408617973,"user/mode":"user","track/lap":0,"track/loc":157}