{"cam/image_array":"4121_cam-image_array_.jpg","user/throttle":0.30000001192092898,"user/angle":0.28373444080352785,"user/mode":"user","track/lap":0,"track/loc":99}