{"cam/image_array":"5905_cam-image_array_.jpg","user/throttle":0.30000001192092898,"user/angle":-0.004254529718309641,"user/mode":"user","track/lap":0,"track/loc":140}