{"cam/image_array":"2018_cam-image_array_.jpg","user/throttle":0.30000001192092898,"user/angle":0.16999126970767976,"user/mode":"user","track/lap":0,"track/loc":50}