{"cam/image_array":"8189_cam-image_array_.jpg","user/throttle":0.30000001192092898,"user/angle":0.18803651630878449,"user/mode":"user","track/lap":0,"track/loc":194}