{"cam/image_array":"3637_cam-image_array_.jpg","user/throttle":0.30000001192092898,"user/angle":-0.05591359734535217,"user/mode":"user","track/lap":0,"track/loc":88}