{"cam/image_array":"1299_cam-image_array_.jpg","user/throttle":0.30000001192092898,"user/angle":-0.07117658108472824,"user/mode":"user","track/lap":0,"track/loc":33}