{"cam/image_array":"1994_cam-image_array_.jpg","user/throttle":0.30000001192092898,"user/angle":0.13905751705169679,"user/mode":"user","track/lap":0,"track/loc":49}