{"cam/image_array":"1238_cam-image_array_.jpg","user/throttle":0.30000001192092898,"user/angle":-0.05462689697742462,"user/mode":"user","track/lap":0,"track/loc":31}