{"cam/image_array":"4195_cam-image_array_.jpg","user/throttle":0.30000001192092898,"user/angle":0.1713601052761078,"user/mode":"user","track/lap":0,"track/loc":101}