{"cam/image_array":"9011_cam-image_array_.jpg","user/throttle":0.30000001192092898,"user/angle":-0.0061208088882267479,"user/mode":"user","track/lap":0,"track/loc":212}