{"cam/image_array":"7472_cam-image_array_.jpg","user/throttle":0.30000001192092898,"user/angle":-0.006123642437160015,"user/mode":"user","track/lap":0,"track/loc":178}