{"cam/image_array":"9107_cam-image_array_.jpg","user/throttle":0.30000001192092898,"user/angle":-0.00010887576354434714,"user/mode":"user","track/lap":0,"track/loc":215}