{"cam/image_array":"4464_cam-image_array_.jpg","user/throttle":0.30000001192092898,"user/angle":-0.21736322343349458,"user/mode":"user","track/lap":0,"track/loc":107}