{"cam/image_array":"1287_cam-image_array_.jpg","user/throttle":0.30000001192092898,"user/angle":-0.08171159029006958,"user/mode":"user","track/lap":0,"track/loc":33}