{"cam/image_array":"7794_cam-image_array_.jpg","user/throttle":0.30000001192092898,"user/angle":-0.05180737376213074,"user/mode":"user","track/lap":0,"track/loc":185}