{"cam/image_array":"9186_cam-image_array_.jpg","user/throttle":0.30000001192092898,"user/angle":0.006645935587584972,"user/mode":"user","track/lap":0,"track/loc":217}