{"cam/image_array":"3205_cam-image_array_.jpg","user/throttle":0.30000001192092898,"user/angle":0.044862814247608188,"user/mode":"user","track/lap":0,"track/loc":77}