{"cam/image_array":"5584_cam-image_array_.jpg","user/throttle":0.30000001192092898,"user/angle":0.19244761765003205,"user/mode":"user","track/lap":0,"track/loc":133}