{"cam/image_array":"7846_cam-image_array_.jpg","user/throttle":0.30000001192092898,"user/angle":-0.05586574599146843,"user/mode":"user","track/lap":0,"track/loc":186}