{"cam/image_array":"7562_cam-image_array_.jpg","user/throttle":0.30000001192092898,"user/angle":-0.007505154237151146,"user/mode":"user","track/lap":0,"track/loc":180}