{"cam/image_array":"8429_cam-image_array_.jpg","user/throttle":0.30000001192092898,"user/angle":-0.028321361169219018,"user/mode":"user","track/lap":0,"track/loc":200}