{"cam/image_array":"2652_cam-image_array_.jpg","user/throttle":0.30000001192092898,"user/angle":-0.04161163792014122,"user/mode":"user","track/lap":0,"track/loc":64}