{"cam/image_array":"7687_cam-image_array_.jpg","user/throttle":0.30000001192092898,"user/angle":0.014248604886233807,"user/mode":"user","track/lap":0,"track/loc":183}