{"cam/image_array":"5824_cam-image_array_.jpg","user/throttle":0.30000001192092898,"user/angle":-0.04654355347156525,"user/mode":"user","track/lap":0,"track/loc":139}