{"cam/image_array":"149_cam-image_array_.jpg","user/throttle":0.30000001192092898,"user/angle":-0.031199032440781595,"user/mode":"user","track/lap":0,"track/loc":4}