{"cam/image_array":"5101_cam-image_array_.jpg","user/throttle":0.30000001192092898,"user/angle":0.14185568690299989,"user/mode":"user","track/lap":0,"track/loc":122}