{"cam/image_array":"7238_cam-image_array_.jpg","user/throttle":0.30000001192092898,"user/angle":-0.1204906776547432,"user/mode":"user","track/lap":0,"track/loc":172}