{"cam/image_array":"5589_cam-image_array_.jpg","user/throttle":0.30000001192092898,"user/angle":0.2078869640827179,"user/mode":"user","track/lap":0,"track/loc":133}