{"cam/image_array":"3272_cam-image_array_.jpg","user/throttle":0.30000001192092898,"user/angle":0.02890254184603691,"user/mode":"user","track/lap":0,"track/loc":79}