{"cam/image_array":"432_cam-image_array_.jpg","user/throttle":0.30000001192092898,"user/angle":-0.04580477625131607,"user/mode":"user","track/lap":0,"track/loc":11}