{"cam/image_array":"6428_cam-image_array_.jpg","user/throttle":0.30000001192092898,"user/angle":0.48954176902770998,"user/mode":"user","track/lap":0,"track/loc":148}