{"cam/image_array":"9048_cam-image_array_.jpg","user/throttle":0.30000001192092898,"user/angle":0.00029926473507657647,"user/mode":"user","track/lap":0,"track/loc":213}