{"cam/image_array":"5618_cam-image_array_.jpg","user/throttle":0.30000001192092898,"user/angle":-0.020520292222499849,"user/mode":"user","track/lap":0,"track/loc":134}