{"cam/image_array":"3785_cam-image_array_.jpg","user/throttle":0.30000001192092898,"user/angle":-0.24699373543262483,"user/mode":"user","track/lap":0,"track/loc":92}