{"cam/image_array":"7490_cam-image_array_.jpg","user/throttle":0.30000001192092898,"user/angle":-0.0014130426570773125,"user/mode":"user","track/lap":0,"track/loc":178}