{"cam/image_array":"2233_cam-image_array_.jpg","user/throttle":0.30000001192092898,"user/angle":0.1333930641412735,"user/mode":"user","track/lap":0,"track/loc":54}