{"cam/image_array":"2643_cam-image_array_.jpg","user/throttle":0.30000001192092898,"user/angle":-0.048850249499082568,"user/mode":"user","track/lap":0,"track/loc":63}