{"cam/image_array":"4053_cam-image_array_.jpg","user/throttle":0.30000001192092898,"user/angle":0.1468697488307953,"user/mode":"user","track/lap":0,"track/loc":97}