{"cam/image_array":"8983_cam-image_array_.jpg","user/throttle":0.30000001192092898,"user/angle":0.009938743896782399,"user/mode":"user","track/lap":0,"track/loc":212}