{"cam/image_array":"4386_cam-image_array_.jpg","user/throttle":0.30000001192092898,"user/angle":-0.06108754128217697,"user/mode":"user","track/lap":0,"track/loc":105}