{"cam/image_array":"9056_cam-image_array_.jpg","user/throttle":0.30000001192092898,"user/angle":0.001952625811100006,"user/mode":"user","track/lap":0,"track/loc":214}