{"cam/image_array":"2141_cam-image_array_.jpg","user/throttle":0.30000001192092898,"user/angle":0.18331487476825715,"user/mode":"user","track/lap":0,"track/loc":52}