{"cam/image_array":"7144_cam-image_array_.jpg","user/throttle":0.30000001192092898,"user/angle":0.0059823039919137959,"user/mode":"user","track/lap":0,"track/loc":170}