{"cam/image_array":"7253_cam-image_array_.jpg","user/throttle":0.30000001192092898,"user/angle":-0.1147819459438324,"user/mode":"user","track/lap":0,"track/loc":172}