{"cam/image_array":"9101_cam-image_array_.jpg","user/throttle":0.30000001192092898,"user/angle":-0.0013195343781262637,"user/mode":"user","track/lap":0,"track/loc":215}