{"cam/image_array":"7827_cam-image_array_.jpg","user/throttle":0.30000001192092898,"user/angle":-0.007460707798600197,"user/mode":"user","track/lap":0,"track/loc":186}