{"cam/image_array":"510_cam-image_array_.jpg","user/throttle":0.30000001192092898,"user/angle":-0.002753953915089369,"user/mode":"user","track/lap":0,"track/loc":13}