{"cam/image_array":"6725_cam-image_array_.jpg","user/throttle":0.30000001192092898,"user/angle":0.16371133923530579,"user/mode":"user","track/lap":0,"track/loc":154}