{"cam/image_array":"2642_cam-image_array_.jpg","user/throttle":0.30000001192092898,"user/angle":-0.049353595823049548,"user/mode":"user","track/lap":0,"track/loc":63}