{"cam/image_array":"4536_cam-image_array_.jpg","user/throttle":0.30000001192092898,"user/angle":-0.21336358785629273,"user/mode":"user","track/lap":0,"track/loc":109}