{"cam/image_array":"8019_cam-image_array_.jpg","user/throttle":0.30000001192092898,"user/angle":0.04375893622636795,"user/mode":"user","track/lap":0,"track/loc":190}