{"cam/image_array":"6538_cam-image_array_.jpg","user/throttle":0.30000001192092898,"user/angle":0.26904937624931338,"user/mode":"user","track/lap":0,"track/loc":150}