{"cam/image_array":"4338_cam-image_array_.jpg","user/throttle":0.30000001192092898,"user/angle":-0.21758933365345,"user/mode":"user","track/lap":0,"track/loc":104}