{"cam/image_array":"7298_cam-image_array_.jpg","user/throttle":0.30000001192092898,"user/angle":-0.05144752189517021,"user/mode":"user","track/lap":0,"track/loc":173}