{"cam/image_array":"2063_cam-image_array_.jpg","user/throttle":0.30000001192092898,"user/angle":0.19505378603935243,"user/mode":"user","track/lap":0,"track/loc":51}