{"cam/image_array":"8676_cam-image_array_.jpg","user/throttle":0.30000001192092898,"user/angle":-0.0007806894136592746,"user/mode":"user","track/lap":0,"track/loc":206}