{"cam/image_array":"6754_cam-image_array_.jpg","user/throttle":0.30000001192092898,"user/angle":-0.28598064184188845,"user/mode":"user","track/lap":0,"track/loc":155}