{"cam/image_array":"8975_cam-image_array_.jpg","user/throttle":0.30000001192092898,"user/angle":0.015485430136322976,"user/mode":"user","track/lap":0,"track/loc":211}