{"cam/image_array":"1323_cam-image_array_.jpg","user/throttle":0.30000001192092898,"user/angle":-0.04921169579029083,"user/mode":"user","track/lap":0,"track/loc":33}