{"cam/image_array":"42_cam-image_array_.jpg","user/throttle":0.30000001192092898,"user/angle":-0.006319243460893631,"user/mode":"user","track/lap":0,"track/loc":0}