{"cam/image_array":"6381_cam-image_array_.jpg","user/throttle":0.30000001192092898,"user/angle":-0.17934119701385499,"user/mode":"user","track/lap":0,"track/loc":147}