{"cam/image_array":"5010_cam-image_array_.jpg","user/throttle":0.30000001192092898,"user/angle":0.15613819658756257,"user/mode":"user","track/lap":0,"track/loc":120}