{"cam/image_array":"4768_cam-image_array_.jpg","user/throttle":0.30000001192092898,"user/angle":0.06817375868558884,"user/mode":"user","track/lap":0,"track/loc":114}