{"cam/image_array":"829_cam-image_array_.jpg","user/throttle":0.30000001192092898,"user/angle":0.08033320307731629,"user/mode":"user","track/lap":0,"track/loc":21}