{"cam/image_array":"4889_cam-image_array_.jpg","user/throttle":0.30000001192092898,"user/angle":0.13987913727760316,"user/mode":"user","track/lap":0,"track/loc":117}