{"cam/image_array":"6921_cam-image_array_.jpg","user/throttle":0.30000001192092898,"user/angle":-0.0872078612446785,"user/mode":"user","track/lap":0,"track/loc":162}