{"cam/image_array":"5932_cam-image_array_.jpg","user/throttle":0.30000001192092898,"user/angle":-0.046671949326992038,"user/mode":"user","track/lap":0,"track/loc":140}