{"cam/image_array":"3136_cam-image_array_.jpg","user/throttle":0.30000001192092898,"user/angle":-0.008026272989809513,"user/mode":"user","track/lap":0,"track/loc":76}