{"cam/image_array":"3734_cam-image_array_.jpg","user/throttle":0.30000001192092898,"user/angle":-0.11991336196660996,"user/mode":"user","track/lap":0,"track/loc":91}