{"cam/image_array":"6848_cam-image_array_.jpg","user/throttle":0.30000001192092898,"user/angle":0.001939463778398931,"user/mode":"user","track/lap":0,"track/loc":159}