{"cam/image_array":"3294_cam-image_array_.jpg","user/throttle":0.30000001192092898,"user/angle":-0.013960239477455616,"user/mode":"user","track/lap":0,"track/loc":79}