{"cam/image_array":"7782_cam-image_array_.jpg","user/throttle":0.30000001192092898,"user/angle":-0.09049984067678452,"user/mode":"user","track/lap":0,"track/loc":185}