{"cam/image_array":"7733_cam-image_array_.jpg","user/throttle":0.30000001192092898,"user/angle":0.022603049874305726,"user/mode":"user","track/lap":0,"track/loc":184}