{"cam/image_array":"1124_cam-image_array_.jpg","user/throttle":0.30000001192092898,"user/angle":0.142104372382164,"user/mode":"user","track/lap":0,"track/loc":29}