{"cam/image_array":"1779_cam-image_array_.jpg","user/throttle":0.30000001192092898,"user/angle":-0.07627218216657639,"user/mode":"user","track/lap":0,"track/loc":44}