{"cam/image_array":"9263_cam-image_array_.jpg","user/throttle":0.30000001192092898,"user/angle":-0.0019477126188576222,"user/mode":"user","track/lap":0,"track/loc":219}