{"cam/image_array":"9283_cam-image_array_.jpg","user/throttle":0.30000001192092898,"user/angle":0.004795567598193884,"user/mode":"user","track/lap":0,"track/loc":219}