{"cam/image_array":"6317_cam-image_array_.jpg","user/throttle":0.30000001192092898,"user/angle":-0.17095588147640229,"user/mode":"user","track/lap":0,"track/loc":147}