{"cam/image_array":"2226_cam-image_array_.jpg","user/throttle":0.30000001192092898,"user/angle":0.11089659482240677,"user/mode":"user","track/lap":0,"track/loc":54}