{"cam/image_array":"1135_cam-image_array_.jpg","user/throttle":0.30000001192092898,"user/angle":0.12442398816347122,"user/mode":"user","track/lap":0,"track/loc":29}