{"cam/image_array":"6558_cam-image_array_.jpg","user/throttle":0.30000001192092898,"user/angle":0.3458976745605469,"user/mode":"user","track/lap":0,"track/loc":151}