{"cam/image_array":"4721_cam-image_array_.jpg","user/throttle":0.30000001192092898,"user/angle":0.15308617055416108,"user/mode":"user","track/lap":0,"track/loc":113}