{"cam/image_array":"5556_cam-image_array_.jpg","user/throttle":0.30000001192092898,"user/angle":-0.009366009384393692,"user/mode":"user","track/lap":0,"track/loc":133}