{"cam/image_array":"2908_cam-image_array_.jpg","user/throttle":0.30000001192092898,"user/angle":-0.14145049452781678,"user/mode":"user","track/lap":0,"track/loc":70}