{"cam/image_array":"8812_cam-image_array_.jpg","user/throttle":0.30000001192092898,"user/angle":0.0033799794036895038,"user/mode":"user","track/lap":0,"track/loc":209}