{"cam/image_array":"3965_cam-image_array_.jpg","user/throttle":0.30000001192092898,"user/angle":0.09093871712684632,"user/mode":"user","track/lap":0,"track/loc":96}