{"cam/image_array":"1222_cam-image_array_.jpg","user/throttle":0.30000001192092898,"user/angle":-0.08007785677909851,"user/mode":"user","track/lap":0,"track/loc":31}