{"cam/image_array":"1563_cam-image_array_.jpg","user/throttle":0.30000001192092898,"user/angle":-0.07031729817390442,"user/mode":"user","track/lap":0,"track/loc":39}