{"cam/image_array":"209_cam-image_array_.jpg","user/throttle":0.30000001192092898,"user/angle":0.01564977504312992,"user/mode":"user","track/lap":0,"track/loc":6}