{"cam/image_array":"7894_cam-image_array_.jpg","user/throttle":0.30000001192092898,"user/angle":-0.11600455641746521,"user/mode":"user","track/lap":0,"track/loc":187}