{"cam/image_array":"3199_cam-image_array_.jpg","user/throttle":0.30000001192092898,"user/angle":0.060806795954704288,"user/mode":"user","track/lap":0,"track/loc":77}