{"cam/image_array":"8130_cam-image_array_.jpg","user/throttle":0.30000001192092898,"user/angle":-0.10690945386886597,"user/mode":"user","track/lap":0,"track/loc":193}