{"cam/image_array":"210_cam-image_array_.jpg","user/throttle":0.30000001192092898,"user/angle":0.07164924591779709,"user/mode":"user","track/lap":0,"track/loc":6}