{"cam/image_array":"6518_cam-image_array_.jpg","user/throttle":0.30000001192092898,"user/angle":0.0034218267537653448,"user/mode":"user","track/lap":0,"track/loc":150}