{"cam/image_array":"7267_cam-image_array_.jpg","user/throttle":0.30000001192092898,"user/angle":-0.12950925529003144,"user/mode":"user","track/lap":0,"track/loc":173}