{"cam/image_array":"8216_cam-image_array_.jpg","user/throttle":0.30000001192092898,"user/angle":0.20081233978271485,"user/mode":"user","track/lap":0,"track/loc":195}