{"cam/image_array":"6063_cam-image_array_.jpg","user/throttle":0.30000001192092898,"user/angle":-0.04732657968997955,"user/mode":"user","track/lap":0,"track/loc":142}