{"cam/image_array":"300_cam-image_array_.jpg","user/throttle":0.30000001192092898,"user/angle":-0.03890390694141388,"user/mode":"user","track/lap":0,"track/loc":8}