{"cam/image_array":"3313_cam-image_array_.jpg","user/throttle":0.30000001192092898,"user/angle":-0.0019018490565940738,"user/mode":"user","track/lap":0,"track/loc":80}