{"cam/image_array":"9165_cam-image_array_.jpg","user/throttle":0.30000001192092898,"user/angle":-0.0016914063598960639,"user/mode":"user","track/lap":0,"track/loc":216}