{"cam/image_array":"3143_cam-image_array_.jpg","user/throttle":0.30000001192092898,"user/angle":-0.014298212714493275,"user/mode":"user","track/lap":0,"track/loc":76}