{"cam/image_array":"394_cam-image_array_.jpg","user/throttle":0.30000001192092898,"user/angle":0.00588882016018033,"user/mode":"user","track/lap":0,"track/loc":10}