{"cam/image_array":"886_cam-image_array_.jpg","user/throttle":0.30000001192092898,"user/angle":0.16875728964805604,"user/mode":"user","track/lap":0,"track/loc":23}