{"cam/image_array":"2135_cam-image_array_.jpg","user/throttle":0.30000001192092898,"user/angle":0.13435055315494538,"user/mode":"user","track/lap":0,"track/loc":52}