{"cam/image_array":"8803_cam-image_array_.jpg","user/throttle":0.30000001192092898,"user/angle":-0.0007184380083344877,"user/mode":"user","track/lap":0,"track/loc":208}