{"cam/image_array":"7864_cam-image_array_.jpg","user/throttle":0.30000001192092898,"user/angle":-0.14749644696712495,"user/mode":"user","track/lap":0,"track/loc":187}