{"cam/image_array":"3921_cam-image_array_.jpg","user/throttle":0.30000001192092898,"user/angle":0.04681594297289848,"user/mode":"user","track/lap":0,"track/loc":94}