{"cam/image_array":"3041_cam-image_array_.jpg","user/throttle":0.30000001192092898,"user/angle":0.005290135275572538,"user/mode":"user","track/lap":0,"track/loc":73}