{"cam/image_array":"5222_cam-image_array_.jpg","user/throttle":0.30000001192092898,"user/angle":-0.1642387956380844,"user/mode":"user","track/lap":0,"track/loc":125}