{"cam/image_array":"893_cam-image_array_.jpg","user/throttle":0.30000001192092898,"user/angle":0.12187396734952927,"user/mode":"user","track/lap":0,"track/loc":23}