{"cam/image_array":"561_cam-image_array_.jpg","user/throttle":0.30000001192092898,"user/angle":-0.06821631640195847,"user/mode":"user","track/lap":0,"track/loc":14}