{"cam/image_array":"4204_cam-image_array_.jpg","user/throttle":0.30000001192092898,"user/angle":-0.027681972831487657,"user/mode":"user","track/lap":0,"track/loc":101}