{"cam/image_array":"6511_cam-image_array_.jpg","user/throttle":0.30000001192092898,"user/angle":-0.008326124399900437,"user/mode":"user","track/lap":0,"track/loc":150}