{"cam/image_array":"4385_cam-image_array_.jpg","user/throttle":0.30000001192092898,"user/angle":-0.05612597614526749,"user/mode":"user","track/lap":0,"track/loc":105}