{"cam/image_array":"8997_cam-image_array_.jpg","user/throttle":0.30000001192092898,"user/angle":-0.0036876711528748276,"user/mode":"user","track/lap":0,"track/loc":212}