{"cam/image_array":"20_cam-image_array_.jpg","user/throttle":0.30000001192092898,"user/angle":0.0030128895305097105,"user/mode":"user","track/lap":0,"track/loc":0}