{"cam/image_array":"844_cam-image_array_.jpg","user/throttle":0.30000001192092898,"user/angle":0.13634449243545533,"user/mode":"user","track/lap":0,"track/loc":22}