{"cam/image_array":"773_cam-image_array_.jpg","user/throttle":0.30000001192092898,"user/angle":0.09671119600534439,"user/mode":"user","track/lap":0,"track/loc":20}