{"cam/image_array":"2025_cam-image_array_.jpg","user/throttle":0.30000001192092898,"user/angle":0.10835777968168259,"user/mode":"user","track/lap":0,"track/loc":50}