{"cam/image_array":"3014_cam-image_array_.jpg","user/throttle":0.30000001192092898,"user/angle":0.2747442126274109,"user/mode":"user","track/lap":0,"track/loc":72}