{"cam/image_array":"3750_cam-image_array_.jpg","user/throttle":0.30000001192092898,"user/angle":-0.17945678532123567,"user/mode":"user","track/lap":0,"track/loc":91}