{"cam/image_array":"5346_cam-image_array_.jpg","user/throttle":0.30000001192092898,"user/angle":-0.16399535536766053,"user/mode":"user","track/lap":0,"track/loc":128}