{"cam/image_array":"3833_cam-image_array_.jpg","user/throttle":0.30000001192092898,"user/angle":-0.22243286669254304,"user/mode":"user","track/lap":0,"track/loc":93}