{"cam/image_array":"5177_cam-image_array_.jpg","user/throttle":0.30000001192092898,"user/angle":-0.030277663841843606,"user/mode":"user","track/lap":0,"track/loc":124}