{"cam/image_array":"4853_cam-image_array_.jpg","user/throttle":0.30000001192092898,"user/angle":0.1135459914803505,"user/mode":"user","track/lap":0,"track/loc":116}