{"cam/image_array":"8299_cam-image_array_.jpg","user/throttle":0.30000001192092898,"user/angle":0.08710405975580216,"user/mode":"user","track/lap":0,"track/loc":197}