{"cam/image_array":"2749_cam-image_array_.jpg","user/throttle":0.30000001192092898,"user/angle":-0.08811531960964203,"user/mode":"user","track/lap":0,"track/loc":66}