{"cam/image_array":"9502_cam-image_array_.jpg","user/throttle":0.30000001192092898,"user/angle":0.005212279502302408,"user/mode":"user","track/lap":0,"track/loc":224}