{"cam/image_array":"270_cam-image_array_.jpg","user/throttle":0.30000001192092898,"user/angle":-0.012369612231850624,"user/mode":"user","track/lap":0,"track/loc":8}