{"cam/image_array":"1647_cam-image_array_.jpg","user/throttle":0.30000001192092898,"user/angle":-0.16399236023426057,"user/mode":"user","track/lap":0,"track/loc":41}