{"cam/image_array":"2385_cam-image_array_.jpg","user/throttle":0.30000001192092898,"user/angle":-0.04505550488829613,"user/mode":"user","track/lap":0,"track/loc":58}