{"cam/image_array":"6_cam-image_array_.jpg","user/throttle":0.30000001192092898,"user/angle":0.0007239905535243452,"user/mode":"user","track/lap":0,"track/loc":0}