{"cam/image_array":"8068_cam-image_array_.jpg","user/throttle":0.30000001192092898,"user/angle":-0.1341557800769806,"user/mode":"user","track/lap":0,"track/loc":191}