{"cam/image_array":"7133_cam-image_array_.jpg","user/throttle":0.30000001192092898,"user/angle":0.01780511811375618,"user/mode":"user","track/lap":0,"track/loc":170}