{"cam/image_array":"6136_cam-image_array_.jpg","user/throttle":0.30000001192092898,"user/angle":-0.07934021949768067,"user/mode":"user","track/lap":0,"track/loc":144}