{"cam/image_array":"6451_cam-image_array_.jpg","user/throttle":0.30000001192092898,"user/angle":0.3888396918773651,"user/mode":"user","track/lap":0,"track/loc":149}