{"cam/image_array":"3643_cam-image_array_.jpg","user/throttle":0.30000001192092898,"user/angle":-0.057656753808259967,"user/mode":"user","track/lap":0,"track/loc":88}