{"cam/image_array":"4865_cam-image_array_.jpg","user/throttle":0.30000001192092898,"user/angle":0.11303158104419708,"user/mode":"user","track/lap":0,"track/loc":116}