{"cam/image_array":"4025_cam-image_array_.jpg","user/throttle":0.30000001192092898,"user/angle":0.17804931104183198,"user/mode":"user","track/lap":0,"track/loc":97}