{"cam/image_array":"8142_cam-image_array_.jpg","user/throttle":0.30000001192092898,"user/angle":-0.11380201578140259,"user/mode":"user","track/lap":0,"track/loc":193}