{"cam/image_array":"3932_cam-image_array_.jpg","user/throttle":0.30000001192092898,"user/angle":0.004874431528151035,"user/mode":"user","track/lap":0,"track/loc":95}