{"cam/image_array":"7836_cam-image_array_.jpg","user/throttle":0.30000001192092898,"user/angle":-0.03486660495400429,"user/mode":"user","track/lap":0,"track/loc":186}