{"cam/image_array":"3381_cam-image_array_.jpg","user/throttle":0.30000001192092898,"user/angle":-0.08252744376659394,"user/mode":"user","track/lap":0,"track/loc":82}