{"cam/image_array":"411_cam-image_array_.jpg","user/throttle":0.30000001192092898,"user/angle":-0.01242488157004118,"user/mode":"user","track/lap":0,"track/loc":10}