{"cam/image_array":"6801_cam-image_array_.jpg","user/throttle":0.30000001192092898,"user/angle":-0.011899453587830067,"user/mode":"user","track/lap":0,"track/loc":157}