{"cam/image_array":"7138_cam-image_array_.jpg","user/throttle":0.30000001192092898,"user/angle":0.011059045791625977,"user/mode":"user","track/lap":0,"track/loc":170}