{"cam/image_array":"8933_cam-image_array_.jpg","user/throttle":0.30000001192092898,"user/angle":0.0015080923913046718,"user/mode":"user","track/lap":0,"track/loc":211}