{"cam/image_array":"6344_cam-image_array_.jpg","user/throttle":0.30000001192092898,"user/angle":-0.26977741718292239,"user/mode":"user","track/lap":0,"track/loc":147}