{"cam/image_array":"8143_cam-image_array_.jpg","user/throttle":0.30000001192092898,"user/angle":-0.11124709248542786,"user/mode":"user","track/lap":0,"track/loc":193}