{"cam/image_array":"3057_cam-image_array_.jpg","user/throttle":0.30000001192092898,"user/angle":0.002254622057080269,"user/mode":"user","track/lap":0,"track/loc":74}