{"cam/image_array":"8167_cam-image_array_.jpg","user/throttle":0.30000001192092898,"user/angle":-0.014250085689127446,"user/mode":"user","track/lap":0,"track/loc":194}