{"cam/image_array":"910_cam-image_array_.jpg","user/throttle":0.30000001192092898,"user/angle":0.1803671419620514,"user/mode":"user","track/lap":0,"track/loc":23}