{"cam/image_array":"660_cam-image_array_.jpg","user/throttle":0.30000001192092898,"user/angle":0.026154041290283204,"user/mode":"user","track/lap":0,"track/loc":16}