{"cam/image_array":"9425_cam-image_array_.jpg","user/throttle":0.30000001192092898,"user/angle":0.0012873136438429356,"user/mode":"user","track/lap":0,"track/loc":222}