{"cam/image_array":"8300_cam-image_array_.jpg","user/throttle":0.30000001192092898,"user/angle":0.07975026220083237,"user/mode":"user","track/lap":0,"track/loc":197}