{"cam/image_array":"2227_cam-image_array_.jpg","user/throttle":0.30000001192092898,"user/angle":0.1231708899140358,"user/mode":"user","track/lap":0,"track/loc":54}