{"cam/image_array":"6657_cam-image_array_.jpg","user/throttle":0.30000001192092898,"user/angle":0.3666309118270874,"user/mode":"user","track/lap":0,"track/loc":153}