{"cam/image_array":"3368_cam-image_array_.jpg","user/throttle":0.30000001192092898,"user/angle":-0.06907408684492111,"user/mode":"user","track/lap":0,"track/loc":82}