{"cam/image_array":"5330_cam-image_array_.jpg","user/throttle":0.30000001192092898,"user/angle":-0.1691734492778778,"user/mode":"user","track/lap":0,"track/loc":127}