{"cam/image_array":"8430_cam-image_array_.jpg","user/throttle":0.30000001192092898,"user/angle":-0.027510695159435273,"user/mode":"user","track/lap":0,"track/loc":200}