{"cam/image_array":"7326_cam-image_array_.jpg","user/throttle":0.30000001192092898,"user/angle":-0.04748129844665527,"user/mode":"user","track/lap":0,"track/loc":174}