{"cam/image_array":"6018_cam-image_array_.jpg","user/throttle":0.30000001192092898,"user/angle":-0.08811511099338532,"user/mode":"user","track/lap":0,"track/loc":142}