{"cam/image_array":"5473_cam-image_array_.jpg","user/throttle":0.30000001192092898,"user/angle":-0.20106738805770875,"user/mode":"user","track/lap":0,"track/loc":131}