{"cam/image_array":"2651_cam-image_array_.jpg","user/throttle":0.30000001192092898,"user/angle":-0.040171846747398379,"user/mode":"user","track/lap":0,"track/loc":64}