{"cam/image_array":"4168_cam-image_array_.jpg","user/throttle":0.30000001192092898,"user/angle":0.22646786272525788,"user/mode":"user","track/lap":0,"track/loc":100}