{"cam/image_array":"1854_cam-image_array_.jpg","user/throttle":0.30000001192092898,"user/angle":0.007233940996229649,"user/mode":"user","track/lap":0,"track/loc":46}