{"cam/image_array":"4943_cam-image_array_.jpg","user/throttle":0.30000001192092898,"user/angle":0.09480161964893341,"user/mode":"user","track/lap":0,"track/loc":118}