{"cam/image_array":"751_cam-image_array_.jpg","user/throttle":0.30000001192092898,"user/angle":0.012519595213234425,"user/mode":"user","track/lap":0,"track/loc":19}