{"cam/image_array":"935_cam-image_array_.jpg","user/throttle":0.30000001192092898,"user/angle":0.12947410345077516,"user/mode":"user","track/lap":0,"track/loc":24}