{"cam/image_array":"674_cam-image_array_.jpg","user/throttle":0.30000001192092898,"user/angle":0.02411765418946743,"user/mode":"user","track/lap":0,"track/loc":17}