{"cam/image_array":"6526_cam-image_array_.jpg","user/throttle":0.30000001192092898,"user/angle":0.13362349569797517,"user/mode":"user","track/lap":0,"track/loc":150}