{"cam/image_array":"632_cam-image_array_.jpg","user/throttle":0.30000001192092898,"user/angle":-0.03514719381928444,"user/mode":"user","track/lap":0,"track/loc":15}