{"cam/image_array":"4267_cam-image_array_.jpg","user/throttle":0.30000001192092898,"user/angle":-0.010930423624813557,"user/mode":"user","track/lap":0,"track/loc":102}