{"cam/image_array":"6956_cam-image_array_.jpg","user/throttle":0.30000001192092898,"user/angle":-0.13246241211891175,"user/mode":"user","track/lap":0,"track/loc":163}