{"cam/image_array":"9284_cam-image_array_.jpg","user/throttle":0.30000001192092898,"user/angle":0.006218372378498316,"user/mode":"user","track/lap":0,"track/loc":219}