{"cam/image_array":"5891_cam-image_array_.jpg","user/throttle":0.30000001192092898,"user/angle":0.0042327530682086948,"user/mode":"user","track/lap":0,"track/loc":140}