{"cam/image_array":"4508_cam-image_array_.jpg","user/throttle":0.30000001192092898,"user/angle":-0.1876709908246994,"user/mode":"user","track/lap":0,"track/loc":108}