{"cam/image_array":"5245_cam-image_array_.jpg","user/throttle":0.30000001192092898,"user/angle":-0.02063383162021637,"user/mode":"user","track/lap":0,"track/loc":125}