{"cam/image_array":"972_cam-image_array_.jpg","user/throttle":0.30000001192092898,"user/angle":0.10639473050832749,"user/mode":"user","track/lap":0,"track/loc":25}