{"cam/image_array":"43_cam-image_array_.jpg","user/throttle":0.30000001192092898,"user/angle":-0.0036137255374342205,"user/mode":"user","track/lap":0,"track/loc":1}