{"cam/image_array":"2761_cam-image_array_.jpg","user/throttle":0.30000001192092898,"user/angle":-0.10841464251279831,"user/mode":"user","track/lap":0,"track/loc":66}