{"cam/image_array":"8188_cam-image_array_.jpg","user/throttle":0.30000001192092898,"user/angle":0.22563707828521729,"user/mode":"user","track/lap":0,"track/loc":194}