{"cam/image_array":"2125_cam-image_array_.jpg","user/throttle":0.30000001192092898,"user/angle":0.11977530270814896,"user/mode":"user","track/lap":0,"track/loc":52}