{"cam/image_array":"2370_cam-image_array_.jpg","user/throttle":0.30000001192092898,"user/angle":-0.044548507779836658,"user/mode":"user","track/lap":0,"track/loc":57}