{"cam/image_array":"5338_cam-image_array_.jpg","user/throttle":0.30000001192092898,"user/angle":-0.17934827506542207,"user/mode":"user","track/lap":0,"track/loc":127}