{"cam/image_array":"5026_cam-image_array_.jpg","user/throttle":0.30000001192092898,"user/angle":0.10516044497489929,"user/mode":"user","track/lap":0,"track/loc":120}