{"cam/image_array":"3653_cam-image_array_.jpg","user/throttle":0.30000001192092898,"user/angle":-0.06984193623065949,"user/mode":"user","track/lap":0,"track/loc":89}