{"cam/image_array":"5499_cam-image_array_.jpg","user/throttle":0.30000001192092898,"user/angle":-0.15510089695453645,"user/mode":"user","track/lap":0,"track/loc":131}