{"cam/image_array":"4652_cam-image_array_.jpg","user/throttle":0.30000001192092898,"user/angle":0.041514359414577487,"user/mode":"user","track/lap":0,"track/loc":111}