{"cam/image_array":"9088_cam-image_array_.jpg","user/throttle":0.30000001192092898,"user/angle":0.00002293880061188247,"user/mode":"user","track/lap":0,"track/loc":214}