{"cam/image_array":"5274_cam-image_array_.jpg","user/throttle":0.30000001192092898,"user/angle":-0.07640524208545685,"user/mode":"user","track/lap":0,"track/loc":126}