{"cam/image_array":"6208_cam-image_array_.jpg","user/throttle":0.30000001192092898,"user/angle":-0.15796111524105073,"user/mode":"user","track/lap":0,"track/loc":145}