{"cam/image_array":"6842_cam-image_array_.jpg","user/throttle":0.30000001192092898,"user/angle":0.00820189993828535,"user/mode":"user","track/lap":0,"track/loc":158}