{"cam/image_array":"7427_cam-image_array_.jpg","user/throttle":0.30000001192092898,"user/angle":-0.047107502818107608,"user/mode":"user","track/lap":0,"track/loc":176}