{"cam/image_array":"7471_cam-image_array_.jpg","user/throttle":0.30000001192092898,"user/angle":-0.004344777204096317,"user/mode":"user","track/lap":0,"track/loc":178}