{"cam/image_array":"750_cam-image_array_.jpg","user/throttle":0.30000001192092898,"user/angle":0.1039305329322815,"user/mode":"user","track/lap":0,"track/loc":19}