{"cam/image_array":"6647_cam-image_array_.jpg","user/throttle":0.30000001192092898,"user/angle":0.23808309435844422,"user/mode":"user","track/lap":0,"track/loc":152}