{"cam/image_array":"2571_cam-image_array_.jpg","user/throttle":0.30000001192092898,"user/angle":-0.15673665702342988,"user/mode":"user","track/lap":0,"track/loc":62}