{"cam/image_array":"2980_cam-image_array_.jpg","user/throttle":0.30000001192092898,"user/angle":0.11823399364948273,"user/mode":"user","track/lap":0,"track/loc":72}