{"cam/image_array":"6460_cam-image_array_.jpg","user/throttle":0.30000001192092898,"user/angle":0.2917943298816681,"user/mode":"user","track/lap":0,"track/loc":149}