{"cam/image_array":"7237_cam-image_array_.jpg","user/throttle":0.30000001192092898,"user/angle":-0.13424742221832276,"user/mode":"user","track/lap":0,"track/loc":172}