{"cam/image_array":"7156_cam-image_array_.jpg","user/throttle":0.30000001192092898,"user/angle":-0.03271881490945816,"user/mode":"user","track/lap":0,"track/loc":170}