{"cam/image_array":"6589_cam-image_array_.jpg","user/throttle":0.30000001192092898,"user/angle":0.2154005616903305,"user/mode":"user","track/lap":0,"track/loc":151}