{"cam/image_array":"5080_cam-image_array_.jpg","user/throttle":0.30000001192092898,"user/angle":0.10377093404531479,"user/mode":"user","track/lap":0,"track/loc":121}