{"cam/image_array":"5962_cam-image_array_.jpg","user/throttle":0.30000001192092898,"user/angle":-0.08503961563110352,"user/mode":"user","track/lap":0,"track/loc":141}