{"cam/image_array":"5160_cam-image_array_.jpg","user/throttle":0.30000001192092898,"user/angle":0.13635365664958955,"user/mode":"user","track/lap":0,"track/loc":123}