{"cam/image_array":"3295_cam-image_array_.jpg","user/throttle":0.30000001192092898,"user/angle":-0.009050190448760987,"user/mode":"user","track/lap":0,"track/loc":80}