{"cam/image_array":"3067_cam-image_array_.jpg","user/throttle":0.30000001192092898,"user/angle":0.056191593408584598,"user/mode":"user","track/lap":0,"track/loc":74}