{"cam/image_array":"1832_cam-image_array_.jpg","user/throttle":0.30000001192092898,"user/angle":0.07705052196979523,"user/mode":"user","track/lap":0,"track/loc":45}