{"cam/image_array":"8461_cam-image_array_.jpg","user/throttle":0.30000001192092898,"user/angle":-0.009147563949227333,"user/mode":"user","track/lap":0,"track/loc":200}