{"cam/image_array":"2406_cam-image_array_.jpg","user/throttle":0.30000001192092898,"user/angle":-0.055599138140678409,"user/mode":"user","track/lap":0,"track/loc":58}