{"cam/image_array":"828_cam-image_array_.jpg","user/throttle":0.30000001192092898,"user/angle":0.08055994659662247,"user/mode":"user","track/lap":0,"track/loc":21}