{"cam/image_array":"7199_cam-image_array_.jpg","user/throttle":0.30000001192092898,"user/angle":-0.07692542672157288,"user/mode":"user","track/lap":0,"track/loc":171}