{"cam/image_array":"6582_cam-image_array_.jpg","user/throttle":0.30000001192092898,"user/angle":0.2380257546901703,"user/mode":"user","track/lap":0,"track/loc":151}