{"cam/image_array":"1366_cam-image_array_.jpg","user/throttle":0.30000001192092898,"user/angle":-0.09035059809684754,"user/mode":"user","track/lap":0,"track/loc":34}