{"cam/image_array":"1820_cam-image_array_.jpg","user/throttle":0.30000001192092898,"user/angle":0.07031162083148956,"user/mode":"user","track/lap":0,"track/loc":45}