{"cam/image_array":"8448_cam-image_array_.jpg","user/throttle":0.30000001192092898,"user/angle":-0.011571749113500119,"user/mode":"user","track/lap":0,"track/loc":200}