{"cam/image_array":"2716_cam-image_array_.jpg","user/throttle":0.30000001192092898,"user/angle":-0.03752155229449272,"user/mode":"user","track/lap":0,"track/loc":65}