{"cam/image_array":"5124_cam-image_array_.jpg","user/throttle":0.30000001192092898,"user/angle":0.1655823141336441,"user/mode":"user","track/lap":0,"track/loc":122}