{"cam/image_array":"23_cam-image_array_.jpg","user/throttle":0.30000001192092898,"user/angle":0.0033546665217727424,"user/mode":"user","track/lap":0,"track/loc":0}