{"cam/image_array":"2797_cam-image_array_.jpg","user/throttle":0.30000001192092898,"user/angle":-0.12345368415117264,"user/mode":"user","track/lap":0,"track/loc":67}