{"cam/image_array":"1184_cam-image_array_.jpg","user/throttle":0.30000001192092898,"user/angle":-0.20347675681114198,"user/mode":"user","track/lap":0,"track/loc":30}