{"cam/image_array":"9338_cam-image_array_.jpg","user/throttle":0.30000001192092898,"user/angle":-0.004057161044329405,"user/mode":"user","track/lap":0,"track/loc":220}