{"cam/image_array":"7372_cam-image_array_.jpg","user/throttle":0.30000001192092898,"user/angle":-0.07850044965744019,"user/mode":"user","track/lap":0,"track/loc":175}