{"cam/image_array":"5444_cam-image_array_.jpg","user/throttle":0.30000001192092898,"user/angle":-0.13187788426876069,"user/mode":"user","track/lap":0,"track/loc":130}