{"cam/image_array":"5631_cam-image_array_.jpg","user/throttle":0.30000001192092898,"user/angle":-0.08702650666236878,"user/mode":"user","track/lap":0,"track/loc":134}