{"cam/image_array":"9073_cam-image_array_.jpg","user/throttle":0.30000001192092898,"user/angle":-0.0010872379643842579,"user/mode":"user","track/lap":0,"track/loc":214}