{"cam/image_array":"7966_cam-image_array_.jpg","user/throttle":0.30000001192092898,"user/angle":-0.05768665671348572,"user/mode":"user","track/lap":0,"track/loc":189}