{"cam/image_array":"6241_cam-image_array_.jpg","user/throttle":0.30000001192092898,"user/angle":-0.09425117820501328,"user/mode":"user","track/lap":0,"track/loc":145}