{"cam/image_array":"537_cam-image_array_.jpg","user/throttle":0.30000001192092898,"user/angle":0.01809994876384735,"user/mode":"user","track/lap":0,"track/loc":13}