{"cam/image_array":"7508_cam-image_array_.jpg","user/throttle":0.30000001192092898,"user/angle":-0.021752767264842988,"user/mode":"user","track/lap":0,"track/loc":178}