{"cam/image_array":"8569_cam-image_array_.jpg","user/throttle":0.30000001192092898,"user/angle":-0.0047847856767475609,"user/mode":"user","track/lap":0,"track/loc":203}