{"cam/image_array":"2054_cam-image_array_.jpg","user/throttle":0.30000001192092898,"user/angle":0.16492675244808198,"user/mode":"user","track/lap":0,"track/loc":50}