{"cam/image_array":"3875_cam-image_array_.jpg","user/throttle":0.30000001192092898,"user/angle":0.22251862287521363,"user/mode":"user","track/lap":0,"track/loc":94}