{"cam/image_array":"29_cam-image_array_.jpg","user/throttle":0.30000001192092898,"user/angle":0.0033987145870923998,"user/mode":"user","track/lap":0,"track/loc":0}