{"cam/image_array":"2689_cam-image_array_.jpg","user/throttle":0.30000001192092898,"user/angle":-0.022170793265104295,"user/mode":"user","track/lap":0,"track/loc":65}