{"cam/image_array":"2998_cam-image_array_.jpg","user/throttle":0.30000001192092898,"user/angle":0.35278522968292239,"user/mode":"user","track/lap":0,"track/loc":72}