{"cam/image_array":"8381_cam-image_array_.jpg","user/throttle":0.30000001192092898,"user/angle":-0.04857552424073219,"user/mode":"user","track/lap":0,"track/loc":198}