{"cam/image_array":"2509_cam-image_array_.jpg","user/throttle":0.30000001192092898,"user/angle":-0.021891891956329347,"user/mode":"user","track/lap":0,"track/loc":60}