{"cam/image_array":"6574_cam-image_array_.jpg","user/throttle":0.30000001192092898,"user/angle":0.29221200942993166,"user/mode":"user","track/lap":0,"track/loc":151}