{"cam/image_array":"9484_cam-image_array_.jpg","user/throttle":0.30000001192092898,"user/angle":0.000993950990960002,"user/mode":"user","track/lap":0,"track/loc":224}