{"cam/image_array":"2870_cam-image_array_.jpg","user/throttle":0.30000001192092898,"user/angle":-0.17683294415473939,"user/mode":"user","track/lap":0,"track/loc":69}