{"cam/image_array":"3180_cam-image_array_.jpg","user/throttle":0.30000001192092898,"user/angle":0.06742529571056366,"user/mode":"user","track/lap":0,"track/loc":77}