{"cam/image_array":"5544_cam-image_array_.jpg","user/throttle":0.30000001192092898,"user/angle":-0.13532792031764985,"user/mode":"user","track/lap":0,"track/loc":132}