{"cam/image_array":"140_cam-image_array_.jpg","user/throttle":0.30000001192092898,"user/angle":-0.026540188118815423,"user/mode":"user","track/lap":0,"track/loc":4}