{"cam/image_array":"3287_cam-image_array_.jpg","user/throttle":0.30000001192092898,"user/angle":0.006019209511578083,"user/mode":"user","track/lap":0,"track/loc":79}