{"cam/image_array":"5282_cam-image_array_.jpg","user/throttle":0.30000001192092898,"user/angle":-0.10222895443439484,"user/mode":"user","track/lap":0,"track/loc":126}