{"cam/image_array":"7595_cam-image_array_.jpg","user/throttle":0.30000001192092898,"user/angle":0.0028514317236840727,"user/mode":"user","track/lap":0,"track/loc":181}