{"cam/image_array":"2591_cam-image_array_.jpg","user/throttle":0.30000001192092898,"user/angle":-0.0477447509765625,"user/mode":"user","track/lap":0,"track/loc":62}