{"cam/image_array":"2472_cam-image_array_.jpg","user/throttle":0.30000001192092898,"user/angle":-0.0494745634496212,"user/mode":"user","track/lap":0,"track/loc":60}