{"cam/image_array":"2412_cam-image_array_.jpg","user/throttle":0.30000001192092898,"user/angle":-0.07142733037471771,"user/mode":"user","track/lap":0,"track/loc":58}