{"cam/image_array":"2536_cam-image_array_.jpg","user/throttle":0.30000001192092898,"user/angle":-0.19315767288208009,"user/mode":"user","track/lap":0,"track/loc":61}