{"cam/image_array":"2595_cam-image_array_.jpg","user/throttle":0.30000001192092898,"user/angle":-0.027602707967162133,"user/mode":"user","track/lap":0,"track/loc":62}