{"cam/image_array":"2953_cam-image_array_.jpg","user/throttle":0.30000001192092898,"user/angle":-0.25417062640190127,"user/mode":"user","track/lap":0,"track/loc":71}