{"cam/image_array":"4059_cam-image_array_.jpg","user/throttle":0.30000001192092898,"user/angle":0.1784837394952774,"user/mode":"user","track/lap":0,"track/loc":98}