{"cam/image_array":"4949_cam-image_array_.jpg","user/throttle":0.30000001192092898,"user/angle":0.0758700892329216,"user/mode":"user","track/lap":0,"track/loc":118}