{"cam/image_array":"9402_cam-image_array_.jpg","user/throttle":0.30000001192092898,"user/angle":-0.0026700133457779886,"user/mode":"user","track/lap":0,"track/loc":222}