{"cam/image_array":"2924_cam-image_array_.jpg","user/throttle":0.30000001192092898,"user/angle":-0.17466150224208833,"user/mode":"user","track/lap":0,"track/loc":70}