{"cam/image_array":"4993_cam-image_array_.jpg","user/throttle":0.30000001192092898,"user/angle":0.11546657234430313,"user/mode":"user","track/lap":0,"track/loc":119}