{"cam/image_array":"1546_cam-image_array_.jpg","user/throttle":0.30000001192092898,"user/angle":-0.09819358587265015,"user/mode":"user","track/lap":0,"track/loc":39}