{"cam/image_array":"9352_cam-image_array_.jpg","user/throttle":0.30000001192092898,"user/angle":-0.011405599303543568,"user/mode":"user","track/lap":0,"track/loc":221}