{"cam/image_array":"8421_cam-image_array_.jpg","user/throttle":0.30000001192092898,"user/angle":-0.03607282042503357,"user/mode":"user","track/lap":0,"track/loc":199}