{"cam/image_array":"5171_cam-image_array_.jpg","user/throttle":0.30000001192092898,"user/angle":-0.04054440185427666,"user/mode":"user","track/lap":0,"track/loc":124}