{"cam/image_array":"7575_cam-image_array_.jpg","user/throttle":0.30000001192092898,"user/angle":-0.0057647512294352058,"user/mode":"user","track/lap":0,"track/loc":180}