{"cam/image_array":"6263_cam-image_array_.jpg","user/throttle":0.30000001192092898,"user/angle":-0.06177171692252159,"user/mode":"user","track/lap":0,"track/loc":146}