{"cam/image_array":"7732_cam-image_array_.jpg","user/throttle":0.30000001192092898,"user/angle":0.010419245809316635,"user/mode":"user","track/lap":0,"track/loc":184}