{"cam/image_array":"9353_cam-image_array_.jpg","user/throttle":0.30000001192092898,"user/angle":-0.009829136542975903,"user/mode":"user","track/lap":0,"track/loc":221}