{"cam/image_array":"7186_cam-image_array_.jpg","user/throttle":0.30000001192092898,"user/angle":-0.06736903637647629,"user/mode":"user","track/lap":0,"track/loc":171}