{"cam/image_array":"365_cam-image_array_.jpg","user/throttle":0.30000001192092898,"user/angle":-0.0765155777335167,"user/mode":"user","track/lap":0,"track/loc":10}