{"cam/image_array":"1260_cam-image_array_.jpg","user/throttle":0.30000001192092898,"user/angle":-0.07744147628545761,"user/mode":"user","track/lap":0,"track/loc":32}