{"cam/image_array":"3902_cam-image_array_.jpg","user/throttle":0.30000001192092898,"user/angle":0.2957470417022705,"user/mode":"user","track/lap":0,"track/loc":94}