{"cam/image_array":"6965_cam-image_array_.jpg","user/throttle":0.30000001192092898,"user/angle":-0.09130093455314636,"user/mode":"user","track/lap":0,"track/loc":163}