{"cam/image_array":"4994_cam-image_array_.jpg","user/throttle":0.30000001192092898,"user/angle":0.10704603791236878,"user/mode":"user","track/lap":0,"track/loc":119}