{"cam/image_array":"6093_cam-image_array_.jpg","user/throttle":0.30000001192092898,"user/angle":-0.05887526646256447,"user/mode":"user","track/lap":0,"track/loc":143}