{"cam/image_array":"6255_cam-image_array_.jpg","user/throttle":0.30000001192092898,"user/angle":-0.07361136376857758,"user/mode":"user","track/lap":0,"track/loc":146}