{"cam/image_array":"3992_cam-image_array_.jpg","user/throttle":0.30000001192092898,"user/angle":0.21645599603652955,"user/mode":"user","track/lap":0,"track/loc":96}