{"cam/image_array":"4537_cam-image_array_.jpg","user/throttle":0.30000001192092898,"user/angle":-0.21082517504692079,"user/mode":"user","track/lap":0,"track/loc":109}