{"cam/image_array":"1293_cam-image_array_.jpg","user/throttle":0.30000001192092898,"user/angle":-0.06678212434053421,"user/mode":"user","track/lap":0,"track/loc":33}