{"cam/image_array":"3939_cam-image_array_.jpg","user/throttle":0.30000001192092898,"user/angle":-0.011830517090857029,"user/mode":"user","track/lap":0,"track/loc":95}