{"cam/image_array":"425_cam-image_array_.jpg","user/throttle":0.30000001192092898,"user/angle":-0.026561150327324868,"user/mode":"user","track/lap":0,"track/loc":11}