{"cam/image_array":"3970_cam-image_array_.jpg","user/throttle":0.30000001192092898,"user/angle":0.1574670374393463,"user/mode":"user","track/lap":0,"track/loc":96}