{"cam/image_array":"4368_cam-image_array_.jpg","user/throttle":0.30000001192092898,"user/angle":-0.09256178140640259,"user/mode":"user","track/lap":0,"track/loc":105}