{"cam/image_array":"6495_cam-image_array_.jpg","user/throttle":0.30000001192092898,"user/angle":0.0008425369160249829,"user/mode":"user","track/lap":0,"track/loc":149}