{"cam/image_array":"4337_cam-image_array_.jpg","user/throttle":0.30000001192092898,"user/angle":-0.21800318360328675,"user/mode":"user","track/lap":0,"track/loc":104}