{"cam/image_array":"6290_cam-image_array_.jpg","user/throttle":0.30000001192092898,"user/angle":-0.10593905299901962,"user/mode":"user","track/lap":0,"track/loc":146}