{"cam/image_array":"3852_cam-image_array_.jpg","user/throttle":0.30000001192092898,"user/angle":-0.07698369771242142,"user/mode":"user","track/lap":0,"track/loc":93}