{"cam/image_array":"4965_cam-image_array_.jpg","user/throttle":0.30000001192092898,"user/angle":0.07208773493766785,"user/mode":"user","track/lap":0,"track/loc":119}