{"cam/image_array":"4205_cam-image_array_.jpg","user/throttle":0.30000001192092898,"user/angle":0.021973730996251107,"user/mode":"user","track/lap":0,"track/loc":101}