{"cam/image_array":"3427_cam-image_array_.jpg","user/throttle":0.30000001192092898,"user/angle":-0.0756659284234047,"user/mode":"user","track/lap":0,"track/loc":83}