{"cam/image_array":"7588_cam-image_array_.jpg","user/throttle":0.30000001192092898,"user/angle":0.00007263036241056398,"user/mode":"user","track/lap":0,"track/loc":180}