{"cam/image_array":"9164_cam-image_array_.jpg","user/throttle":0.30000001192092898,"user/angle":-0.0018460784340277315,"user/mode":"user","track/lap":0,"track/loc":216}