{"cam/image_array":"2768_cam-image_array_.jpg","user/throttle":0.30000001192092898,"user/angle":-0.12358511984348297,"user/mode":"user","track/lap":0,"track/loc":66}