{"cam/image_array":"3019_cam-image_array_.jpg","user/throttle":0.30000001192092898,"user/angle":0.2601620554924011,"user/mode":"user","track/lap":0,"track/loc":73}