{"cam/image_array":"2968_cam-image_array_.jpg","user/throttle":0.30000001192092898,"user/angle":-0.11275366693735123,"user/mode":"user","track/lap":0,"track/loc":71}