{"cam/image_array":"3015_cam-image_array_.jpg","user/throttle":0.30000001192092898,"user/angle":0.3126285672187805,"user/mode":"user","track/lap":0,"track/loc":72}