{"cam/image_array":"6761_cam-image_array_.jpg","user/throttle":0.30000001192092898,"user/angle":-0.2151450216770172,"user/mode":"user","track/lap":0,"track/loc":156}