{"cam/image_array":"5742_cam-image_array_.jpg","user/throttle":0.30000001192092898,"user/angle":0.02325352281332016,"user/mode":"user","track/lap":0,"track/loc":137}