{"cam/image_array":"1015_cam-image_array_.jpg","user/throttle":0.30000001192092898,"user/angle":0.11286254227161408,"user/mode":"user","track/lap":0,"track/loc":26}