{"cam/image_array":"8987_cam-image_array_.jpg","user/throttle":0.30000001192092898,"user/angle":-0.02365145832300186,"user/mode":"user","track/lap":0,"track/loc":212}