{"cam/image_array":"4081_cam-image_array_.jpg","user/throttle":0.30000001192092898,"user/angle":0.2651351988315582,"user/mode":"user","track/lap":0,"track/loc":98}