{"cam/image_array":"8613_cam-image_array_.jpg","user/throttle":0.30000001192092898,"user/angle":-0.007792740594595671,"user/mode":"user","track/lap":0,"track/loc":204}