{"cam/image_array":"3350_cam-image_array_.jpg","user/throttle":0.30000001192092898,"user/angle":-0.03217481076717377,"user/mode":"user","track/lap":0,"track/loc":81}