{"cam/image_array":"7366_cam-image_array_.jpg","user/throttle":0.30000001192092898,"user/angle":-0.10090705752372742,"user/mode":"user","track/lap":0,"track/loc":175}