{"cam/image_array":"331_cam-image_array_.jpg","user/throttle":0.30000001192092898,"user/angle":-0.09598574787378311,"user/mode":"user","track/lap":0,"track/loc":9}