{"cam/image_array":"5603_cam-image_array_.jpg","user/throttle":0.30000001192092898,"user/angle":0.15426328778266908,"user/mode":"user","track/lap":0,"track/loc":134}