{"cam/image_array":"3263_cam-image_array_.jpg","user/throttle":0.30000001192092898,"user/angle":0.02883073501288891,"user/mode":"user","track/lap":0,"track/loc":79}