{"cam/image_array":"5506_cam-image_array_.jpg","user/throttle":0.30000001192092898,"user/angle":-0.1789642721414566,"user/mode":"user","track/lap":0,"track/loc":131}