{"cam/image_array":"3090_cam-image_array_.jpg","user/throttle":0.30000001192092898,"user/angle":0.18575191497802735,"user/mode":"user","track/lap":0,"track/loc":74}