{"cam/image_array":"3813_cam-image_array_.jpg","user/throttle":0.30000001192092898,"user/angle":-0.2558092176914215,"user/mode":"user","track/lap":0,"track/loc":92}