{"cam/image_array":"5834_cam-image_array_.jpg","user/throttle":0.30000001192092898,"user/angle":-0.06317463517189026,"user/mode":"user","track/lap":0,"track/loc":139}