{"cam/image_array":"6423_cam-image_array_.jpg","user/throttle":0.30000001192092898,"user/angle":0.41421177983283999,"user/mode":"user","track/lap":0,"track/loc":148}