{"cam/image_array":"3301_cam-image_array_.jpg","user/throttle":0.30000001192092898,"user/angle":-0.012528950348496437,"user/mode":"user","track/lap":0,"track/loc":80}