{"cam/image_array":"6372_cam-image_array_.jpg","user/throttle":0.30000001192092898,"user/angle":-0.23841741681098939,"user/mode":"user","track/lap":0,"track/loc":147}