{"cam/image_array":"2781_cam-image_array_.jpg","user/throttle":0.30000001192092898,"user/angle":-0.1458231657743454,"user/mode":"user","track/lap":0,"track/loc":67}