{"cam/image_array":"1639_cam-image_array_.jpg","user/throttle":0.30000001192092898,"user/angle":-0.1502697467803955,"user/mode":"user","track/lap":0,"track/loc":41}