{"cam/image_array":"5671_cam-image_array_.jpg","user/throttle":0.30000001192092898,"user/angle":0.17806978523731233,"user/mode":"user","track/lap":0,"track/loc":136}