{"cam/image_array":"3450_cam-image_array_.jpg","user/throttle":0.30000001192092898,"user/angle":-0.06568747758865357,"user/mode":"user","track/lap":0,"track/loc":84}