{"cam/image_array":"2671_cam-image_array_.jpg","user/throttle":0.30000001192092898,"user/angle":-0.033014796674251559,"user/mode":"user","track/lap":0,"track/loc":64}