{"cam/image_array":"8777_cam-image_array_.jpg","user/throttle":0.30000001192092898,"user/angle":-0.013964690268039704,"user/mode":"user","track/lap":0,"track/loc":208}