{"cam/image_array":"6889_cam-image_array_.jpg","user/throttle":0.30000001192092898,"user/angle":-0.11982164531946182,"user/mode":"user","track/lap":0,"track/loc":161}