{"cam/image_array":"5782_cam-image_array_.jpg","user/throttle":0.30000001192092898,"user/angle":0.06287401169538498,"user/mode":"user","track/lap":0,"track/loc":138}