{"cam/image_array":"7446_cam-image_array_.jpg","user/throttle":0.30000001192092898,"user/angle":-0.04724528267979622,"user/mode":"user","track/lap":0,"track/loc":177}