{"cam/image_array":"2662_cam-image_array_.jpg","user/throttle":0.30000001192092898,"user/angle":-0.03504450246691704,"user/mode":"user","track/lap":0,"track/loc":64}