{"cam/image_array":"8560_cam-image_array_.jpg","user/throttle":0.30000001192092898,"user/angle":0.02081453800201416,"user/mode":"user","track/lap":0,"track/loc":203}