{"cam/image_array":"388_cam-image_array_.jpg","user/throttle":0.30000001192092898,"user/angle":-0.02721153013408184,"user/mode":"user","track/lap":0,"track/loc":10}