{"cam/image_array":"8490_cam-image_array_.jpg","user/throttle":0.30000001192092898,"user/angle":-0.06202467530965805,"user/mode":"user","track/lap":0,"track/loc":201}