{"cam/image_array":"2113_cam-image_array_.jpg","user/throttle":0.30000001192092898,"user/angle":0.14988236129283906,"user/mode":"user","track/lap":0,"track/loc":52}