{"cam/image_array":"9337_cam-image_array_.jpg","user/throttle":0.30000001192092898,"user/angle":-0.0035009817220270635,"user/mode":"user","track/lap":0,"track/loc":220}