{"cam/image_array":"4818_cam-image_array_.jpg","user/throttle":0.30000001192092898,"user/angle":0.14537881314754487,"user/mode":"user","track/lap":0,"track/loc":115}