{"cam/image_array":"9_cam-image_array_.jpg","user/throttle":0.30000001192092898,"user/angle":0.0011800091015174986,"user/mode":"user","track/lap":0,"track/loc":0}