{"cam/image_array":"2583_cam-image_array_.jpg","user/throttle":0.30000001192092898,"user/angle":-0.08795686066150665,"user/mode":"user","track/lap":0,"track/loc":62}