{"cam/image_array":"87_cam-image_array_.jpg","user/throttle":0.30000001192092898,"user/angle":-0.00018066632037516683,"user/mode":"user","track/lap":0,"track/loc":2}