{"cam/image_array":"6027_cam-image_array_.jpg","user/throttle":0.30000001192092898,"user/angle":-0.08139800280332566,"user/mode":"user","track/lap":0,"track/loc":142}