{"cam/image_array":"5194_cam-image_array_.jpg","user/throttle":0.30000001192092898,"user/angle":-0.18218450248241425,"user/mode":"user","track/lap":0,"track/loc":124}