{"cam/image_array":"9179_cam-image_array_.jpg","user/throttle":0.30000001192092898,"user/angle":0.002685252111405134,"user/mode":"user","track/lap":0,"track/loc":216}