{"cam/image_array":"1178_cam-image_array_.jpg","user/throttle":0.30000001192092898,"user/angle":-0.22721880674362184,"user/mode":"user","track/lap":0,"track/loc":30}