{"cam/image_array":"1937_cam-image_array_.jpg","user/throttle":0.30000001192092898,"user/angle":0.1689213365316391,"user/mode":"user","track/lap":0,"track/loc":48}