{"cam/image_array":"4020_cam-image_array_.jpg","user/throttle":0.30000001192092898,"user/angle":0.17247754335403443,"user/mode":"user","track/lap":0,"track/loc":97}