{"cam/image_array":"2232_cam-image_array_.jpg","user/throttle":0.30000001192092898,"user/angle":0.1331394910812378,"user/mode":"user","track/lap":0,"track/loc":54}