{"cam/image_array":"4080_cam-image_array_.jpg","user/throttle":0.30000001192092898,"user/angle":0.2881232500076294,"user/mode":"user","track/lap":0,"track/loc":98}