{"cam/image_array":"5071_cam-image_array_.jpg","user/throttle":0.30000001192092898,"user/angle":0.09173718094825745,"user/mode":"user","track/lap":0,"track/loc":121}