{"cam/image_array":"2384_cam-image_array_.jpg","user/throttle":0.30000001192092898,"user/angle":-0.044498782604932788,"user/mode":"user","track/lap":0,"track/loc":58}