{"cam/image_array":"7873_cam-image_array_.jpg","user/throttle":0.30000001192092898,"user/angle":-0.17667314410209657,"user/mode":"user","track/lap":0,"track/loc":187}