{"cam/image_array":"6048_cam-image_array_.jpg","user/throttle":0.30000001192092898,"user/angle":-0.052621029317379,"user/mode":"user","track/lap":0,"track/loc":142}