{"cam/image_array":"3868_cam-image_array_.jpg","user/throttle":0.30000001192092898,"user/angle":0.13917911052703858,"user/mode":"user","track/lap":0,"track/loc":93}