{"cam/image_array":"7874_cam-image_array_.jpg","user/throttle":0.30000001192092898,"user/angle":-0.16850145161151887,"user/mode":"user","track/lap":0,"track/loc":187}