{"cam/image_array":"6326_cam-image_array_.jpg","user/throttle":0.30000001192092898,"user/angle":-0.20034494996070863,"user/mode":"user","track/lap":0,"track/loc":147}