{"cam/image_array":"2909_cam-image_array_.jpg","user/throttle":0.30000001192092898,"user/angle":-0.13087846338748933,"user/mode":"user","track/lap":0,"track/loc":70}