{"cam/image_array":"6145_cam-image_array_.jpg","user/throttle":0.30000001192092898,"user/angle":-0.07883622497320175,"user/mode":"user","track/lap":0,"track/loc":144}