{"cam/image_array":"7973_cam-image_array_.jpg","user/throttle":0.30000001192092898,"user/angle":-0.06931934505701065,"user/mode":"user","track/lap":0,"track/loc":189}