{"cam/image_array":"7484_cam-image_array_.jpg","user/throttle":0.30000001192092898,"user/angle":-0.0029568916652351619,"user/mode":"user","track/lap":0,"track/loc":178}