{"cam/image_array":"7452_cam-image_array_.jpg","user/throttle":0.30000001192092898,"user/angle":-0.02820134162902832,"user/mode":"user","track/lap":0,"track/loc":177}