{"cam/image_array":"9129_cam-image_array_.jpg","user/throttle":0.30000001192092898,"user/angle":-0.0032543400302529337,"user/mode":"user","track/lap":0,"track/loc":215}