{"cam/image_array":"6805_cam-image_array_.jpg","user/throttle":0.30000001192092898,"user/angle":-0.01671469584107399,"user/mode":"user","track/lap":0,"track/loc":157}