{"cam/image_array":"1534_cam-image_array_.jpg","user/throttle":0.30000001192092898,"user/angle":-0.079564668238163,"user/mode":"user","track/lap":0,"track/loc":38}