{"cam/image_array":"6189_cam-image_array_.jpg","user/throttle":0.30000001192092898,"user/angle":-0.15592773258686067,"user/mode":"user","track/lap":0,"track/loc":144}