{"cam/image_array":"8875_cam-image_array_.jpg","user/throttle":0.30000001192092898,"user/angle":-0.005623253993690014,"user/mode":"user","track/lap":0,"track/loc":210}