{"cam/image_array":"1798_cam-image_array_.jpg","user/throttle":0.30000001192092898,"user/angle":-0.04477903991937637,"user/mode":"user","track/lap":0,"track/loc":44}