{"cam/image_array":"3151_cam-image_array_.jpg","user/throttle":0.30000001192092898,"user/angle":0.015521693043410778,"user/mode":"user","track/lap":0,"track/loc":76}