{"cam/image_array":"9146_cam-image_array_.jpg","user/throttle":0.30000001192092898,"user/angle":0.006138451863080263,"user/mode":"user","track/lap":0,"track/loc":216}