{"cam/image_array":"4755_cam-image_array_.jpg","user/throttle":0.30000001192092898,"user/angle":0.1313110589981079,"user/mode":"user","track/lap":0,"track/loc":114}