{"cam/image_array":"3544_cam-image_array_.jpg","user/throttle":0.30000001192092898,"user/angle":-0.09326265007257462,"user/mode":"user","track/lap":0,"track/loc":86}