{"cam/image_array":"9424_cam-image_array_.jpg","user/throttle":0.30000001192092898,"user/angle":0.001719283638522029,"user/mode":"user","track/lap":0,"track/loc":222}