{"cam/image_array":"3175_cam-image_array_.jpg","user/throttle":0.30000001192092898,"user/angle":0.08404693007469177,"user/mode":"user","track/lap":0,"track/loc":77}