{"cam/image_array":"7763_cam-image_array_.jpg","user/throttle":0.30000001192092898,"user/angle":-0.1404731273651123,"user/mode":"user","track/lap":0,"track/loc":184}