{"cam/image_array":"3083_cam-image_array_.jpg","user/throttle":0.30000001192092898,"user/angle":0.16765661537647248,"user/mode":"user","track/lap":0,"track/loc":74}