{"cam/image_array":"7027_cam-image_array_.jpg","user/throttle":0.30000001192092898,"user/angle":-0.07268457114696503,"user/mode":"user","track/lap":0,"track/loc":166}