{"cam/image_array":"4677_cam-image_array_.jpg","user/throttle":0.30000001192092898,"user/angle":-0.01164883840829134,"user/mode":"user","track/lap":0,"track/loc":112}