{"cam/image_array":"169_cam-image_array_.jpg","user/throttle":0.30000001192092898,"user/angle":-0.008267688564956189,"user/mode":"user","track/lap":0,"track/loc":5}