{"cam/image_array":"9130_cam-image_array_.jpg","user/throttle":0.30000001192092898,"user/angle":0.00012554938439279795,"user/mode":"user","track/lap":0,"track/loc":215}