{"cam/image_array":"2030_cam-image_array_.jpg","user/throttle":0.30000001192092898,"user/angle":0.13944853842258454,"user/mode":"user","track/lap":0,"track/loc":50}