{"cam/image_array":"8686_cam-image_array_.jpg","user/throttle":0.30000001192092898,"user/angle":-0.012615995481610299,"user/mode":"user","track/lap":0,"track/loc":206}