{"cam/image_array":"627_cam-image_array_.jpg","user/throttle":0.30000001192092898,"user/angle":-0.06259236484766007,"user/mode":"user","track/lap":0,"track/loc":15}