{"cam/image_array":"4871_cam-image_array_.jpg","user/throttle":0.30000001192092898,"user/angle":0.09783884882926941,"user/mode":"user","track/lap":0,"track/loc":116}