{"cam/image_array":"5664_cam-image_array_.jpg","user/throttle":0.30000001192092898,"user/angle":0.30646002292633059,"user/mode":"user","track/lap":0,"track/loc":135}