{"cam/image_array":"6162_cam-image_array_.jpg","user/throttle":0.30000001192092898,"user/angle":-0.10791147500276566,"user/mode":"user","track/lap":0,"track/loc":144}