{"cam/image_array":"1680_cam-image_array_.jpg","user/throttle":0.30000001192092898,"user/angle":-0.13837042450904847,"user/mode":"user","track/lap":0,"track/loc":42}