{"cam/image_array":"5296_cam-image_array_.jpg","user/throttle":0.30000001192092898,"user/angle":-0.20533773303031922,"user/mode":"user","track/lap":0,"track/loc":126}