{"cam/image_array":"6380_cam-image_array_.jpg","user/throttle":0.30000001192092898,"user/angle":-0.1869397908449173,"user/mode":"user","track/lap":0,"track/loc":147}