{"cam/image_array":"6908_cam-image_array_.jpg","user/throttle":0.30000001192092898,"user/angle":-0.03337391838431358,"user/mode":"user","track/lap":0,"track/loc":162}