{"cam/image_array":"3603_cam-image_array_.jpg","user/throttle":0.30000001192092898,"user/angle":-0.11037144809961319,"user/mode":"user","track/lap":0,"track/loc":87}