{"cam/image_array":"7025_cam-image_array_.jpg","user/throttle":0.30000001192092898,"user/angle":0.05251847580075264,"user/mode":"user","track/lap":0,"track/loc":166}