{"cam/image_array":"7865_cam-image_array_.jpg","user/throttle":0.30000001192092898,"user/angle":-0.14784646034240724,"user/mode":"user","track/lap":0,"track/loc":187}