{"cam/image_array":"2755_cam-image_array_.jpg","user/throttle":0.30000001192092898,"user/angle":-0.07909755408763886,"user/mode":"user","track/lap":0,"track/loc":66}