{"cam/image_array":"6784_cam-image_array_.jpg","user/throttle":0.30000001192092898,"user/angle":0.0014779636403545738,"user/mode":"user","track/lap":0,"track/loc":156}