{"cam/image_array":"9275_cam-image_array_.jpg","user/throttle":0.30000001192092898,"user/angle":0.0007835348951630294,"user/mode":"user","track/lap":0,"track/loc":219}