{"cam/image_array":"4287_cam-image_array_.jpg","user/throttle":0.30000001192092898,"user/angle":0.006947326008230448,"user/mode":"user","track/lap":0,"track/loc":103}