{"cam/image_array":"7465_cam-image_array_.jpg","user/throttle":0.30000001192092898,"user/angle":-0.009810516610741616,"user/mode":"user","track/lap":0,"track/loc":177}