{"cam/image_array":"597_cam-image_array_.jpg","user/throttle":0.30000001192092898,"user/angle":0.008206815458834172,"user/mode":"user","track/lap":0,"track/loc":15}