{"cam/image_array":"8976_cam-image_array_.jpg","user/throttle":0.30000001192092898,"user/angle":0.01526799239218235,"user/mode":"user","track/lap":0,"track/loc":211}