{"cam/image_array":"449_cam-image_array_.jpg","user/throttle":0.30000001192092898,"user/angle":-0.07931476086378098,"user/mode":"user","track/lap":0,"track/loc":11}