{"cam/image_array":"8119_cam-image_array_.jpg","user/throttle":0.30000001192092898,"user/angle":-0.12446212023496628,"user/mode":"user","track/lap":0,"track/loc":192}