{"cam/image_array":"4444_cam-image_array_.jpg","user/throttle":0.30000001192092898,"user/angle":-0.22225908935070039,"user/mode":"user","track/lap":0,"track/loc":107}