{"cam/image_array":"2923_cam-image_array_.jpg","user/throttle":0.30000001192092898,"user/angle":-0.18209271132946015,"user/mode":"user","track/lap":0,"track/loc":70}