{"cam/image_array":"1087_cam-image_array_.jpg","user/throttle":0.30000001192092898,"user/angle":0.05010796710848808,"user/mode":"user","track/lap":0,"track/loc":28}