{"cam/image_array":"2987_cam-image_array_.jpg","user/throttle":0.30000001192092898,"user/angle":0.23427848517894746,"user/mode":"user","track/lap":0,"track/loc":72}