{"cam/image_array":"7576_cam-image_array_.jpg","user/throttle":0.30000001192092898,"user/angle":-0.005970746278762817,"user/mode":"user","track/lap":0,"track/loc":180}