{"cam/image_array":"1099_cam-image_array_.jpg","user/throttle":0.30000001192092898,"user/angle":0.04502527415752411,"user/mode":"user","track/lap":0,"track/loc":28}