{"cam/image_array":"4097_cam-image_array_.jpg","user/throttle":0.30000001192092898,"user/angle":0.24945753812789918,"user/mode":"user","track/lap":0,"track/loc":99}