{"cam/image_array":"8944_cam-image_array_.jpg","user/throttle":0.30000001192092898,"user/angle":0.010300299152731896,"user/mode":"user","track/lap":0,"track/loc":211}