{"cam/image_array":"4067_cam-image_array_.jpg","user/throttle":0.30000001192092898,"user/angle":0.24497491121292115,"user/mode":"user","track/lap":0,"track/loc":98}