{"cam/image_array":"958_cam-image_array_.jpg","user/throttle":0.30000001192092898,"user/angle":0.10656656324863434,"user/mode":"user","track/lap":0,"track/loc":24}