{"cam/image_array":"52_cam-image_array_.jpg","user/throttle":0.30000001192092898,"user/angle":-0.018191637471318246,"user/mode":"user","track/lap":0,"track/loc":1}