{"cam/image_array":"1908_cam-image_array_.jpg","user/throttle":0.30000001192092898,"user/angle":0.1521826982498169,"user/mode":"user","track/lap":0,"track/loc":47}