{"cam/image_array":"3325_cam-image_array_.jpg","user/throttle":0.30000001192092898,"user/angle":0.038364507257938388,"user/mode":"user","track/lap":0,"track/loc":229}