{"cam/image_array":"1408_cam-image_array_.jpg","user/throttle":0.30000001192092898,"user/angle":-0.21812309324741364,"user/mode":"user","track/lap":0,"track/loc":35}