{"cam/image_array":"8084_cam-image_array_.jpg","user/throttle":0.30000001192092898,"user/angle":-0.15049122273921967,"user/mode":"user","track/lap":0,"track/loc":192}