{"cam/image_array":"1687_cam-image_array_.jpg","user/throttle":0.30000001192092898,"user/angle":-0.10100755840539932,"user/mode":"user","track/lap":0,"track/loc":42}