{"cam/image_array":"5301_cam-image_array_.jpg","user/throttle":0.30000001192092898,"user/angle":-0.20121647417545319,"user/mode":"user","track/lap":0,"track/loc":126}