{"cam/image_array":"8591_cam-image_array_.jpg","user/throttle":0.30000001192092898,"user/angle":-0.027244118973612787,"user/mode":"user","track/lap":0,"track/loc":203}