{"cam/image_array":"7835_cam-image_array_.jpg","user/throttle":0.30000001192092898,"user/angle":-0.007263808976858854,"user/mode":"user","track/lap":0,"track/loc":186}