{"cam/image_array":"395_cam-image_array_.jpg","user/throttle":0.30000001192092898,"user/angle":-0.01599646732211113,"user/mode":"user","track/lap":0,"track/loc":10}