{"cam/image_array":"6864_cam-image_array_.jpg","user/throttle":0.30000001192092898,"user/angle":-0.07299193739891052,"user/mode":"user","track/lap":0,"track/loc":159}