{"cam/image_array":"3332_cam-image_array_.jpg","user/throttle":0.30000001192092898,"user/angle":0.030164219439029695,"user/mode":"user","track/lap":0,"track/loc":81}