{"cam/image_array":"6928_cam-image_array_.jpg","user/throttle":0.30000001192092898,"user/angle":-0.11135108768939972,"user/mode":"user","track/lap":0,"track/loc":162}