{"cam/image_array":"1846_cam-image_array_.jpg","user/throttle":0.30000001192092898,"user/angle":0.044562868773937228,"user/mode":"user","track/lap":0,"track/loc":46}