{"cam/image_array":"3102_cam-image_array_.jpg","user/throttle":0.30000001192092898,"user/angle":0.15961235761642457,"user/mode":"user","track/lap":0,"track/loc":75}