{"cam/image_array":"6887_cam-image_array_.jpg","user/throttle":0.30000001192092898,"user/angle":-0.0446414053440094,"user/mode":"user","track/lap":0,"track/loc":161}