{"cam/image_array":"1355_cam-image_array_.jpg","user/throttle":0.30000001192092898,"user/angle":-0.05770997703075409,"user/mode":"user","track/lap":0,"track/loc":34}