{"cam/image_array":"2819_cam-image_array_.jpg","user/throttle":0.30000001192092898,"user/angle":-0.02607998438179493,"user/mode":"user","track/lap":0,"track/loc":68}