{"cam/image_array":"6620_cam-image_array_.jpg","user/throttle":0.30000001192092898,"user/angle":0.049309734255075458,"user/mode":"user","track/lap":0,"track/loc":152}