{"cam/image_array":"9198_cam-image_array_.jpg","user/throttle":0.30000001192092898,"user/angle":0.013151371851563454,"user/mode":"user","track/lap":0,"track/loc":217}