{"cam/image_array":"522_cam-image_array_.jpg","user/throttle":0.30000001192092898,"user/angle":0.010618508793413639,"user/mode":"user","track/lap":0,"track/loc":13}