{"cam/image_array":"9478_cam-image_array_.jpg","user/throttle":0.30000001192092898,"user/angle":-0.0021099653095006944,"user/mode":"user","track/lap":0,"track/loc":223}