{"cam/image_array":"11_cam-image_array_.jpg","user/throttle":0.30000001192092898,"user/angle":0.001785225118510425,"user/mode":"user","track/lap":0,"track/loc":0}