{"cam/image_array":"7959_cam-image_array_.jpg","user/throttle":0.30000001192092898,"user/angle":-0.04472227394580841,"user/mode":"user","track/lap":0,"track/loc":189}