{"cam/image_array":"711_cam-image_array_.jpg","user/throttle":0.30000001192092898,"user/angle":0.12963652610778809,"user/mode":"user","track/lap":0,"track/loc":17}