{"cam/image_array":"191_cam-image_array_.jpg","user/throttle":0.30000001192092898,"user/angle":0.012243900448083878,"user/mode":"user","track/lap":0,"track/loc":5}