{"cam/image_array":"5974_cam-image_array_.jpg","user/throttle":0.30000001192092898,"user/angle":-0.09664485603570938,"user/mode":"user","track/lap":0,"track/loc":141}