{"cam/image_array":"1621_cam-image_array_.jpg","user/throttle":0.30000001192092898,"user/angle":-0.16484180092811585,"user/mode":"user","track/lap":0,"track/loc":40}