{"cam/image_array":"6826_cam-image_array_.jpg","user/throttle":0.30000001192092898,"user/angle":-0.035726092755794528,"user/mode":"user","track/lap":0,"track/loc":158}