{"cam/image_array":"4685_cam-image_array_.jpg","user/throttle":0.30000001192092898,"user/angle":-0.00030512193916365504,"user/mode":"user","track/lap":0,"track/loc":112}