{"cam/image_array":"7502_cam-image_array_.jpg","user/throttle":0.30000001192092898,"user/angle":-0.016253305599093438,"user/mode":"user","track/lap":0,"track/loc":178}