{"cam/image_array":"4712_cam-image_array_.jpg","user/throttle":0.30000001192092898,"user/angle":0.1330949366092682,"user/mode":"user","track/lap":0,"track/loc":113}