{"cam/image_array":"358_cam-image_array_.jpg","user/throttle":0.30000001192092898,"user/angle":-0.05879681557416916,"user/mode":"user","track/lap":0,"track/loc":9}