{"cam/image_array":"8703_cam-image_array_.jpg","user/throttle":0.30000001192092898,"user/angle":-0.006990743800997734,"user/mode":"user","track/lap":0,"track/loc":206}