{"cam/image_array":"6075_cam-image_array_.jpg","user/throttle":0.30000001192092898,"user/angle":-0.05150110647082329,"user/mode":"user","track/lap":0,"track/loc":143}