{"cam/image_array":"5267_cam-image_array_.jpg","user/throttle":0.30000001192092898,"user/angle":-0.05526035651564598,"user/mode":"user","track/lap":0,"track/loc":126}