{"cam/image_array":"3391_cam-image_array_.jpg","user/throttle":0.30000001192092898,"user/angle":-0.060153670608997348,"user/mode":"user","track/lap":0,"track/loc":82}