{"cam/image_array":"8275_cam-image_array_.jpg","user/throttle":0.30000001192092898,"user/angle":0.01072889007627964,"user/mode":"user","track/lap":0,"track/loc":196}