{"cam/image_array":"1389_cam-image_array_.jpg","user/throttle":0.30000001192092898,"user/angle":-0.19096100330352784,"user/mode":"user","track/lap":0,"track/loc":35}