{"cam/image_array":"5382_cam-image_array_.jpg","user/throttle":0.30000001192092898,"user/angle":-0.2071189135313034,"user/mode":"user","track/lap":0,"track/loc":128}