{"cam/image_array":"58_cam-image_array_.jpg","user/throttle":0.30000001192092898,"user/angle":-0.027838297188282014,"user/mode":"user","track/lap":0,"track/loc":1}