{"cam/image_array":"6602_cam-image_array_.jpg","user/throttle":0.30000001192092898,"user/angle":0.14478276669979096,"user/mode":"user","track/lap":0,"track/loc":151}