{"cam/image_array":"1792_cam-image_array_.jpg","user/throttle":0.30000001192092898,"user/angle":-0.07268256694078446,"user/mode":"user","track/lap":0,"track/loc":44}