{"cam/image_array":"7310_cam-image_array_.jpg","user/throttle":0.30000001192092898,"user/angle":-0.03788695111870766,"user/mode":"user","track/lap":0,"track/loc":174}