{"cam/image_array":"6565_cam-image_array_.jpg","user/throttle":0.30000001192092898,"user/angle":0.30671289563179018,"user/mode":"user","track/lap":0,"track/loc":151}