{"cam/image_array":"442_cam-image_array_.jpg","user/throttle":0.30000001192092898,"user/angle":-0.07173451036214829,"user/mode":"user","track/lap":0,"track/loc":11}