{"cam/image_array":"517_cam-image_array_.jpg","user/throttle":0.30000001192092898,"user/angle":0.013248870149254799,"user/mode":"user","track/lap":0,"track/loc":13}