{"cam/image_array":"5717_cam-image_array_.jpg","user/throttle":0.30000001192092898,"user/angle":-0.03660477325320244,"user/mode":"user","track/lap":0,"track/loc":137}