{"cam/image_array":"8709_cam-image_array_.jpg","user/throttle":0.30000001192092898,"user/angle":0.00663316436111927,"user/mode":"user","track/lap":0,"track/loc":207}