{"cam/image_array":"5922_cam-image_array_.jpg","user/throttle":0.30000001192092898,"user/angle":-0.03192214295268059,"user/mode":"user","track/lap":0,"track/loc":140}