{"cam/image_array":"2565_cam-image_array_.jpg","user/throttle":0.30000001192092898,"user/angle":-0.16092731058597566,"user/mode":"user","track/lap":0,"track/loc":62}