{"cam/image_array":"725_cam-image_array_.jpg","user/throttle":0.30000001192092898,"user/angle":0.34601619839668276,"user/mode":"user","track/lap":0,"track/loc":18}