{"cam/image_array":"1714_cam-image_array_.jpg","user/throttle":0.30000001192092898,"user/angle":-0.05344337970018387,"user/mode":"user","track/lap":0,"track/loc":42}