{"cam/image_array":"6102_cam-image_array_.jpg","user/throttle":0.30000001192092898,"user/angle":-0.057968005537986758,"user/mode":"user","track/lap":0,"track/loc":143}