{"cam/image_array":"3121_cam-image_array_.jpg","user/throttle":0.30000001192092898,"user/angle":0.0555860698223114,"user/mode":"user","track/lap":0,"track/loc":75}