{"cam/image_array":"7076_cam-image_array_.jpg","user/throttle":0.30000001192092898,"user/angle":-0.11470458656549454,"user/mode":"user","track/lap":0,"track/loc":168}