{"cam/image_array":"1136_cam-image_array_.jpg","user/throttle":0.30000001192092898,"user/angle":0.12002807855606079,"user/mode":"user","track/lap":0,"track/loc":29}