{"cam/image_array":"2156_cam-image_array_.jpg","user/throttle":0.30000001192092898,"user/angle":0.12365978956222534,"user/mode":"user","track/lap":0,"track/loc":53}