{"cam/image_array":"2465_cam-image_array_.jpg","user/throttle":0.30000001192092898,"user/angle":-0.08123210072517395,"user/mode":"user","track/lap":0,"track/loc":59}