{"cam/image_array":"30_cam-image_array_.jpg","user/throttle":0.30000001192092898,"user/angle":0.003758657956495881,"user/mode":"user","track/lap":0,"track/loc":0}