{"cam/image_array":"8057_cam-image_array_.jpg","user/throttle":0.30000001192092898,"user/angle":-0.027747254818677903,"user/mode":"user","track/lap":0,"track/loc":191}