{"cam/image_array":"7496_cam-image_array_.jpg","user/throttle":0.30000001192092898,"user/angle":-0.0061925542540848259,"user/mode":"user","track/lap":0,"track/loc":178}