{"cam/image_array":"1341_cam-image_array_.jpg","user/throttle":0.30000001192092898,"user/angle":-0.03919916972517967,"user/mode":"user","track/lap":0,"track/loc":34}