{"cam/image_array":"1306_cam-image_array_.jpg","user/throttle":0.30000001192092898,"user/angle":-0.04973626509308815,"user/mode":"user","track/lap":0,"track/loc":33}