{"cam/image_array":"6911_cam-image_array_.jpg","user/throttle":0.30000001192092898,"user/angle":-0.008790502324700356,"user/mode":"user","track/lap":0,"track/loc":162}