{"cam/image_array":"482_cam-image_array_.jpg","user/throttle":0.30000001192092898,"user/angle":-0.06836269050836563,"user/mode":"user","track/lap":0,"track/loc":12}