{"cam/image_array":"5116_cam-image_array_.jpg","user/throttle":0.30000001192092898,"user/angle":0.15450158715248109,"user/mode":"user","track/lap":0,"track/loc":122}