{"cam/image_array":"5_cam-image_array_.jpg","user/throttle":0.30000001192092898,"user/angle":0.00044425297528505325,"user/mode":"user","track/lap":0,"track/loc":0}