{"cam/image_array":"9293_cam-image_array_.jpg","user/throttle":0.30000001192092898,"user/angle":0.009504919871687889,"user/mode":"user","track/lap":0,"track/loc":219}