{"cam/image_array":"1957_cam-image_array_.jpg","user/throttle":0.30000001192092898,"user/angle":0.14384782314300538,"user/mode":"user","track/lap":0,"track/loc":48}