{"cam/image_array":"5941_cam-image_array_.jpg","user/throttle":0.30000001192092898,"user/angle":-0.06787874549627304,"user/mode":"user","track/lap":0,"track/loc":140}