{"cam/image_array":"7011_cam-image_array_.jpg","user/throttle":0.30000001192092898,"user/angle":-0.28998813033103945,"user/mode":"user","track/lap":0,"track/loc":165}