{"cam/image_array":"7491_cam-image_array_.jpg","user/throttle":0.30000001192092898,"user/angle":-0.0017129583284258843,"user/mode":"user","track/lap":0,"track/loc":178}