{"cam/image_array":"7828_cam-image_array_.jpg","user/throttle":0.30000001192092898,"user/angle":0.0033661581110209228,"user/mode":"user","track/lap":0,"track/loc":186}