{"cam/image_array":"7460_cam-image_array_.jpg","user/throttle":0.30000001192092898,"user/angle":-0.014446306973695755,"user/mode":"user","track/lap":0,"track/loc":177}