{"cam/image_array":"3703_cam-image_array_.jpg","user/throttle":0.30000001192092898,"user/angle":-0.18837997317314149,"user/mode":"user","track/lap":0,"track/loc":90}