{"cam/image_array":"2466_cam-image_array_.jpg","user/throttle":0.30000001192092898,"user/angle":-0.07797171920537949,"user/mode":"user","track/lap":0,"track/loc":60}