{"cam/image_array":"646_cam-image_array_.jpg","user/throttle":0.30000001192092898,"user/angle":-0.06895340979099274,"user/mode":"user","track/lap":0,"track/loc":16}