{"cam/image_array":"1855_cam-image_array_.jpg","user/throttle":0.30000001192092898,"user/angle":0.017684845253825189,"user/mode":"user","track/lap":0,"track/loc":46}