{"cam/image_array":"5610_cam-image_array_.jpg","user/throttle":0.30000001192092898,"user/angle":0.10093248635530472,"user/mode":"user","track/lap":0,"track/loc":134}