{"cam/image_array":"431_cam-image_array_.jpg","user/throttle":0.30000001192092898,"user/angle":-0.05364930257201195,"user/mode":"user","track/lap":0,"track/loc":11}