{"cam/image_array":"7082_cam-image_array_.jpg","user/throttle":0.30000001192092898,"user/angle":-0.06916189193725586,"user/mode":"user","track/lap":0,"track/loc":168}