{"cam/image_array":"3562_cam-image_array_.jpg","user/throttle":0.30000001192092898,"user/angle":-0.0840211883187294,"user/mode":"user","track/lap":0,"track/loc":86}