{"cam/image_array":"1709_cam-image_array_.jpg","user/throttle":0.30000001192092898,"user/angle":-0.0695560947060585,"user/mode":"user","track/lap":0,"track/loc":42}