{"cam/image_array":"1938_cam-image_array_.jpg","user/throttle":0.30000001192092898,"user/angle":0.17401687800884248,"user/mode":"user","track/lap":0,"track/loc":48}