{"cam/image_array":"1375_cam-image_array_.jpg","user/throttle":0.30000001192092898,"user/angle":-0.13319392502307893,"user/mode":"user","track/lap":0,"track/loc":35}