{"cam/image_array":"1155_cam-image_array_.jpg","user/throttle":0.30000001192092898,"user/angle":-0.014247575774788857,"user/mode":"user","track/lap":0,"track/loc":30}