{"cam/image_array":"6466_cam-image_array_.jpg","user/throttle":0.30000001192092898,"user/angle":0.2623281180858612,"user/mode":"user","track/lap":0,"track/loc":149}