{"cam/image_array":"6264_cam-image_array_.jpg","user/throttle":0.30000001192092898,"user/angle":-0.0599077083170414,"user/mode":"user","track/lap":0,"track/loc":146}