{"cam/image_array":"6517_cam-image_array_.jpg","user/throttle":0.30000001192092898,"user/angle":0.0020145601592957975,"user/mode":"user","track/lap":0,"track/loc":150}