{"cam/image_array":"5087_cam-image_array_.jpg","user/throttle":0.30000001192092898,"user/angle":0.12781628966331483,"user/mode":"user","track/lap":0,"track/loc":122}