{"cam/image_array":"1001_cam-image_array_.jpg","user/throttle":0.30000001192092898,"user/angle":0.09629654884338379,"user/mode":"user","track/lap":0,"track/loc":26}