{"cam/image_array":"2863_cam-image_array_.jpg","user/throttle":0.30000001192092898,"user/angle":-0.18361641466617585,"user/mode":"user","track/lap":0,"track/loc":69}