{"cam/image_array":"6581_cam-image_array_.jpg","user/throttle":0.30000001192092898,"user/angle":0.21570362150669099,"user/mode":"user","track/lap":0,"track/loc":151}