{"cam/image_array":"7231_cam-image_array_.jpg","user/throttle":0.30000001192092898,"user/angle":-0.10278034210205078,"user/mode":"user","track/lap":0,"track/loc":172}