{"cam/image_array":"3458_cam-image_array_.jpg","user/throttle":0.30000001192092898,"user/angle":-0.07257009297609329,"user/mode":"user","track/lap":0,"track/loc":84}