{"cam/image_array":"32_cam-image_array_.jpg","user/throttle":0.30000001192092898,"user/angle":0.00039919238770380616,"user/mode":"user","track/lap":0,"track/loc":0}