{"cam/image_array":"7900_cam-image_array_.jpg","user/throttle":0.30000001192092898,"user/angle":-0.053997889161109927,"user/mode":"user","track/lap":0,"track/loc":188}