{"cam/image_array":"3229_cam-image_array_.jpg","user/throttle":0.30000001192092898,"user/angle":0.00553027493879199,"user/mode":"user","track/lap":0,"track/loc":78}