{"cam/image_array":"3072_cam-image_array_.jpg","user/throttle":0.30000001192092898,"user/angle":0.10822184383869171,"user/mode":"user","track/lap":0,"track/loc":74}