{"cam/image_array":"2558_cam-image_array_.jpg","user/throttle":0.30000001192092898,"user/angle":-0.16255980730056764,"user/mode":"user","track/lap":0,"track/loc":62}