{"cam/image_array":"7426_cam-image_array_.jpg","user/throttle":0.30000001192092898,"user/angle":-0.04863802343606949,"user/mode":"user","track/lap":0,"track/loc":176}