{"cam/image_array":"2300_cam-image_array_.jpg","user/throttle":0.30000001192092898,"user/angle":-0.1549883782863617,"user/mode":"user","track/lap":0,"track/loc":56}