{"cam/image_array":"7888_cam-image_array_.jpg","user/throttle":0.30000001192092898,"user/angle":-0.11844150722026825,"user/mode":"user","track/lap":0,"track/loc":187}