{"cam/image_array":"5184_cam-image_array_.jpg","user/throttle":0.30000001192092898,"user/angle":-0.09395801275968552,"user/mode":"user","track/lap":0,"track/loc":124}