{"cam/image_array":"8866_cam-image_array_.jpg","user/throttle":0.30000001192092898,"user/angle":-0.0008940478437580168,"user/mode":"user","track/lap":0,"track/loc":209}