{"cam/image_array":"1189_cam-image_array_.jpg","user/throttle":0.30000001192092898,"user/angle":-0.207822784781456,"user/mode":"user","track/lap":0,"track/loc":30}