{"cam/image_array":"6047_cam-image_array_.jpg","user/throttle":0.30000001192092898,"user/angle":-0.049608901143074039,"user/mode":"user","track/lap":0,"track/loc":142}