{"cam/image_array":"9116_cam-image_array_.jpg","user/throttle":0.30000001192092898,"user/angle":-0.004940670449286699,"user/mode":"user","track/lap":0,"track/loc":215}