{"cam/image_array":"7390_cam-image_array_.jpg","user/throttle":0.30000001192092898,"user/angle":-0.056437067687511447,"user/mode":"user","track/lap":0,"track/loc":176}